Outlet,Address,Postcode,Sub area,Area,State,Location category,Location description,Other remarks
The Lighthouse Cafe,"52A, Jalan Penang, George Town, 10000 George Town, Pulau Pinang",10000,Georgetown,Penang Island,Penang,Food & Beverage,Outdoor seating,None
SUSU Vegan Mylk Bar Penang,"35, Pengkalan Weld, Georgetown, Penang, Malaysia",10030,Georgetown,Penang Island,Penang,Food & Beverage,Indoor seating,Vegan
1PLACE many cuisines,"203B, Jalan Hutton, George Town, 10050 George Town, Pulau Pinang",10050,Georgetown,Penang Island,Penang,Food & Beverage,Indoor seating,Reservations required
Corgi & The Gang Pet Cafe,"102-E-7, New World Park, 10050 George Town, Pulau Pinang",10050,Georgetown,Penang Island,Penang,Food & Beverage,Indoor seating,None
LotusS Nyonya Kitchen,"48, Jalan Burma, 10050 George Town, Pulau Pinang",10050,Georgetown,Penang Island,Penang,Food & Beverage,Indoor seating,Reservations required
The Thai • เดอะไทย Cafe and Restaurant,"1, Jalan Sri Bahari, George Town, 10050 George Town, Pulau Pinang",10050,Georgetown,Penang Island,Penang,Food & Beverage,Indoor seating,None
Batu @ Lava Mansion,"46A, Jln Sultan Ahmad Shah, 10050 George Town, Pulau Pinang",10050,Georgetown,Penang Island,Penang,Food & Beverage,Outdoor seating,None
Hotel Mokozoyo,"61, Jalan Argyll, George Town, 10050 George Town, Pulau Pinang",10050,Georgetown,Penang Island,Penang,Food & Beverage,Outdoor seating,"Only the cafe, not hotel"
Middle House Penang,"217-J, Jalan Burma, 10050 George Town, Pulau Pinang",10050,Georgetown,Penang Island,Penang,Food & Beverage,Outdoor seating,None
Moody Cow Dessert Cafe,"170, Jalan Transfer, George Town, 10050 George Town, Pulau Pinang",10050,Georgetown,Penang Island,Penang,Food & Beverage,Outdoor seating,None
New World Park Food City,"Jalan Burma, George Town, 10050 George Town, Pulau Pinang",10050,Georgetown,Penang Island,Penang,Food & Beverage,Outdoor seating,None
Passions of Kerala Restaurant,"New World Park, 40, Jalan Burma, 10050 George Town, Penang",10050,Georgetown,Penang Island,Penang,Food & Beverage,Outdoor seating,Reservations suggested
Penang Famous LOR BAK,"80, Jalan Penang, George Town, 10050 George Town, Pulau Pinang",10050,Georgetown,Penang Island,Penang,Food & Beverage,Outdoor seating,None
Shill 90's,"3, Jalan Transfer, George Town, 10050 George Town, Pulau Pinang",10050,Georgetown,Penang Island,Penang,Food & Beverage,Outdoor seating,None
Swatow Lane Ice Kacang,"E, 102, 1, Jalan Burma, George Town, 10050 George Town, Pulau Pinang",10050,Georgetown,Penang Island,Penang,Food & Beverage,Outdoor seating,None
Chen The Legacy House,"Lorong Popus, 10050 George Town, Pulau Pinang",10050,Georgetown,Penang Island,Penang,Food & Beverage,Outdoor seating,None
Bagel's Dream,"26, Lebuh Campbell, George Town, 10100 George Town, Pulau Pinang",10100,Georgetown,Penang Island,Penang,Food & Beverage,Indoor seating,None
Bao Teck Tea House,"25, Lebuh Melayu, George Town, 10100 George Town, Pulau Pinang",10100,Georgetown,Penang Island,Penang,Food & Beverage,Indoor seating,Carrier / Stroller
Hwa Ting Restaurant,"37, Lebuh Melayu, George Town, 10100 George Town, Pulau Pinang",10100,Georgetown,Penang Island,Penang,Food & Beverage,Indoor seating,Carrier / Stroller
Kim Haus,"9 & 11, Lebuh Campbell, George Town, 10100 George Town, Pulau Pinang",10100,Georgetown,Penang Island,Penang,Pet friendly stay,,None
The Sugar Tang - Georgetown,"195, Lebuh Carnarvon, George Town, 10100 George Town, Pulau Pinang",10100,Georgetown,Penang Island,Penang,Food & Beverage,Indoor seating,None
Lagenda House & Cafe,"2, Lebuh Carnarvon, George Town, 10100 George Town, Pulau Pinang",10100,Georgetown,Penang Island,Penang,Food & Beverage,Outdoor seating,None
The Ais,"65, Lebuh Campbell, George Town, 10100 George Town, Pulau Pinang",10100,Georgetown,Penang Island,Penang,Food & Beverage,Outdoor seating,None
Tomorrow English Cafe,"8, Lorong Prangin, George Town, 10100 George Town, Pulau Pinang",10100,Georgetown,Penang Island,Penang,Food & Beverage,Outdoor seating,None
Yin's Sourdough Bakery and Cafe (Penang),"11, Pesara Claimant, George Town, 10100 George Town, Pulau Pinang",10100,Georgetown,Penang Island,Penang,Food & Beverage,Outdoor seating,None
高佬云吞面 Kow Low WanTanMee,"169, Lebuh Carnarvon, George Town, 10100 George Town, Pulau Pinang",10100,Georgetown,Penang Island,Penang,Food & Beverage,Outdoor seating,None
20 Chulia Lane Cafe,"20, Lorong Chulia, George Town, 10200 George Town, Pulau Pinang",10200,Georgetown,Penang Island,Penang,Food & Beverage,Outdoor seating,None
Bean Sprout Café,"35, Jalan Masjid Kapitan Keling, George Town, 10200 George Town, Pulau Pinang",10200,Georgetown,Penang Island,Penang,Food & Beverage,Indoor seating,Upstairs
Chez Chez Penang | Bar & Restaurant,"41, Love Lane, Georgetown, 10200 George Town, Penang",10200,Georgetown,Penang Island,Penang,Food & Beverage,Indoor seating,None
Choux Choux,"4, China street, Georgetown, 10200 George Town, Penang",10200,Georgetown,Penang Island,Penang,Food & Beverage,Indoor seating,Reservations required
Hanakoya Flower Café Penang,"83 Lebuh Muntri Georgetown, 10200 Geortown, Pulau Pinang",10200,Georgetown,Penang Island,Penang,Food & Beverage,Indoor seating,None
Hunt&Hound,"120, Lebuh Kimberley, George Town, 10200 George Town, Pulau Pinang",10200,Georgetown,Penang Island,Penang,Food & Beverage,Indoor seating,None
Slow Coffee Person Coffee Bar,"37, Church St, Georgetown, 10200 George Town, Penang",10200,Georgetown,Penang Island,Penang,Food & Beverage,Indoor seating,Small breeds only
Two Frenchies Cafe Bistro,"36, Lebuh Bishop, George Town, 10200 George Town, Pulau Pinang",10200,Georgetown,Penang Island,Penang,Food & Beverage,Indoor seating; Outdoor seating,Reservations required as only limited seating for pets downstairs and upstairs
Urban Daybreak (Georgetown Penang),"34, Lebuh Bishop, George Town, 10200 George Town, Pulau Pinang",10200,Georgetown,Penang Island,Penang,Food & Beverage,Indoor seating; Outdoor seating,None
Vegan Falafel penang,"12, Chulia St, Georgetown, 10200 George Town, Penang",10200,Georgetown,Penang Island,Penang,Food & Beverage,Indoor seating,Vegan
Forest Canteen,"38, Lebuh Farquhar, George Town, 10200 George Town, Pulau Pinang",10200,Georgetown,Penang Island,Penang,Food & Beverage,Outdoor seating,Small breed only; Reservations required
Higher Ground,"19-19A, Lebuh Leith, George Town, 10200 George Town, Pulau Pinang",10200,Bukit Mertajam,Bukit Mertajam,Penang,Food & Beverage,Outdoor seating,None
Holy Guacamole - Love Lane,"65, Love Lane, Georgetown, 10200 George Town, Penang",10200,Georgetown,Penang Island,Penang,Food & Beverage,Outdoor seating,None
Mews Cafe,"77, Muntri St, Georgetown, 10200 George Town, Penang",10200,Georgetown,Penang Island,Penang,Food & Beverage,Outdoor seating,None
Moh Teng Pheow Nyonya Koay,"Lebuh Chulia, Jalan Masjid, 10200 George Town, Pulau Pinang",10200,Georgetown,Penang Island,Penang,Food & Beverage,Outdoor seating,None
R COFFEE CO.,"168, Chulia St, Georgetown, 10200 George Town, Penang",10200,Georgetown,Penang Island,Penang,Food & Beverage,Outdoor seating,None
The Daily Dose Cafe Penang,"36, Stewart Lane, Georgetown, 10200 George Town, Penang",10200,Georgetown,Penang Island,Penang,Food & Beverage,Outdoor seating,None
The Original Reggae Club,"361, Chulia St, Georgetown, 10200 George Town, Penang",10200,Georgetown,Penang Island,Penang,Food & Beverage,Outdoor seating,None
J-Garden,"368-1-1 Bellisa Row, Jalan Burma, Pulau Tikus, George Town, Penang",10250,Pulau Tikus,Penang Island,Penang,Food & Beverage,Outdoor seating,None
Aplace 26,"39, Lorong Birch, 10250 George Town, Pulau Pinang",10250,Georgetown,Penang Island,Penang,Food & Beverage,Indoor seating,Small breed only; Carrier / Stroller
"Fourspoons Ice-Cream, Gurney Walk","Gurney Walk, 18, Persiaran Gurney, 10250 George Town, Pulau Pinang",10250,Georgetown,Penang Island,Penang,Food & Beverage,Outdoor seating,None
Iskender Turkish & Arabic Kitchen مطبخ إسكندر,"370, Lebuhraya Maktab, Pulau Tikus, 10250 George Town, Pulau Pinang",10250,Georgetown,Penang Island,Penang,Food & Beverage,Outdoor seating,None
Lunarich Malaysia Pizza & Pasta,"Lot 2.33, level 2, Festive Square, Gurney Paragon  10250 George Town, Penang",10250,Georgetown,Penang Island,Penang,Food & Beverage,Outdoor seating,None
888 Hokkien Mee,"67-A, Lebuh Presgrave, 10300 George Town, Pulau Pinang",10300,Georgetown,Penang Island,Penang,Food & Beverage,Outdoor seating,None
CATONOMY,"117-A, ANNEX BUILDING B, Lebuh Victoria, George Town, 10300 George Town, Pulau Pinang",10300,Georgetown,Penang Island,Penang,Food & Beverage,Indoor seating,Cat cafe
China House,"153, Beach St, Georgetown, 10300 George Town, Penang",10300,Georgetown,Penang Island,Penang,Food & Beverage,Indoor seating; Outdoor seating,Large dogs are welcome in the Courtyard and small dogs in Reading Room. Please use the entrance from Victoria Street and always keep dogs on a lead.
Jetty 35 潮人居 · 生活艺术空间,"35, Pengkalan Weld, George Town, 10300 George Town, Pulau Pinang",10300,Georgetown,Penang Island,Penang,Attraction,,None
Khing Cafe Beach Street,"278, Lebuh Pantai, George Town, 10300 George Town, Pulau Pinang",10300,Georgetown,Penang Island,Penang,Food & Beverage,Indoor seating,None
Laksa Houze,"59, Lebuh Melayu, George Town, 10300 George Town, Pulau Pinang",10300,Georgetown,Penang Island,Penang,Food & Beverage,Indoor seating,Carrier / Stroller
Noordin Mews Heritage Hote,"53, Lebuh Noordin, 10300 George Town, Pulau Pinang",10300,Georgetown,Penang Island,Penang,Pet friendly stay,,None
Norm Micro Roastery,"13, Gat Lebuh Gereja, George Town, 10300 George Town, Pulau Pinang",10300,Georgetown,Penang Island,Penang,Food & Beverage,Indoor seating,None
Yeoh Jetty 姓楊橋,"Pintasan Pengkalan 1, George Town, 10300 George Town, Pulau Pinang",10300,Georgetown,Penang Island,Penang,Attraction,,None
YOLK PG,"3, Pengkalan Weld, George Town, 10300 George Town, Pulau Pinang",10300,Georgetown,Penang Island,Penang,Food & Beverage,Indoor seating,Upstairs
海乾大树下海鲜饭店 Weld Quay (Tree Shade) Da Shu Xia Seafood House,"177C, Victoria St, Georgetown, 10300 George Town, Penang",10300,Georgetown,Penang Island,Penang,Food & Beverage,Indoor seating,None
Boston Coffee,"257, Victoria St, Georgetown, 10300 George Town, Penang",10300,Georgetown,Penang Island,Penang,Food & Beverage,Outdoor seating,None
Cecil Street Market Hawker Centre 七条路巴刹小贩中心,"Lebuh Cecil, 10300 George Town, Pulau Pinang",10300,Georgetown,Penang Island,Penang,Food & Beverage,Outdoor seating,None
Chew Jetty Big Bowl Noodles 姓周桥大碗公面,"1, Pengkalan Weld, George Town, 10300 George Town, Pulau Pinang",10300,Georgetown,Penang Island,Penang,Food & Beverage,Outdoor seating,None
Plan C Patisserie ( Your Local Club ),"262 & 264, Lebuh Pantai, George Town, 10300 George Town, Pulau Pinang",10300,Georgetown,Penang Island,Penang,Food & Beverage,Outdoor seating,None
Tan Jetty Thai Food Restaurant,"97, Pengkalan Weld Georgetown, 10300 George Town",10300,Georgetown,Penang Island,Penang,Food & Beverage,Outdoor seating,None
Flour and Oil cafe,"19b, Codrington Ave, Pulau Tikus, 10350 George Town, Penang",10350,Pulau Tikus,Penang Island,Penang,Food & Beverage,Outdoor seating,None
Paradiso Cafe,"26Q, Codrington Ave, Pulau Tikus, 10350 George Town, Penang",10350,Pulau Tikus,Penang Island,Penang,Food & Beverage,Outdoor seating,None
Japanese Garden (Taman Jepun/ஜப்பானிய பூங்கா),"673A, Jalan Kebun Bunga, George Town, 10350 George Town, Pulau Pinang",10350,Georgetown,Penang Island,Penang,Park,,None
Goodall Cafe,"5, Jalan Gottlieb, 10350 George Town, Pulau Pinang",10350,Georgetown,Penang Island,Penang,Food & Beverage,Outdoor seating,None
Tian Yuan,"No. 2652, Jalan Kebun Bunga, 10350 George Town, Pulau Pinang",10350,Georgetown,Penang Island,Penang,Food & Beverage,Outdoor seating,None
Home Recipe,"26, Jalan Logan, George Town, 10400 George Town, Pulau Pinang",10400,Georgetown,Penang Island,Penang,Food & Beverage,Outdoor seating,None
Mum's Nyonya Cuisine,"31-D, Lorong Abu Siti, George Town, 10400 George Town, Pulau Pinang",10400,Georgetown,Penang Island,Penang,Food & Beverage,Indoor seating,None
T&T Prawn Mee Shop,"127, Lorong Selamat, George Town, 10400 George Town, Pulau Pinang",10400,Georgetown,Penang Island,Penang,Food & Beverage,Indoor seating; Outdoor seating,None
Platta Cafe,"36, Jalan Dunn, George Town, 10400 George Town, Pulau Pinang",10400,Georgetown,Penang Island,Penang,Food & Beverage,Outdoor seating,None
Richard Rivalee Nyonya Cuisine Restaurant,"62 & 64, Lorong Macalister, George Town, 10400 George Town, Pulau Pinang",10400,Georgetown,Penang Island,Penang,Food & Beverage,Outdoor seating,Only one table available; Nyonya cuisine
The LightBulb Cafe,"57, Jalan Zainal Abidin, 10400 George Town, Pulau Pinang",10400,Georgetown,Penang Island,Penang,Food & Beverage,Outdoor seating,None
木頭車 ca CART CAFE,"14, Jalan Mandalay, George Town, 10400 George Town, Pulau Pinang",10400,Georgetown,Penang Island,Penang,Food & Beverage,Outdoor seating,None
Furry Vibes,"64, Jalan Siam, 10450 George Town, Pulau Pinang",10450,Georgetown,Penang Island,Penang,Food & Beverage,Indoor seating,None
Toh Soon Cafe,"Lebuh Campbell, George Town, 10450 George Town, Pulau Pinang",10450,Georgetown,Penang Island,Penang,Food & Beverage,Outdoor seating,None
Brown Poodle Cafe,"B-G-8, Vantage, Jalan Seri Tanjung Pinang 1, 10470 Tanjung Tokong, Pulau Pinang",10470,Tanjung Tokong,Penang Island,Penang,Food & Beverage,Indoor seating,None
Stay Songsong,"15, Erskine Grove, Taman Teguh, 10470 Tanjung Tokong, Pulau Pinang",10470,Tanjung Tokong,Penang Island,Penang,Pet friendly stay,,None
Straits Quay Marina,"Seri Tanjung Pinang, Tanjung Tokong, Penang",10470,Tanjung Tokong,Penang Island,Penang,Attraction,,None
Blue Reef Fish & Chips,"3A-G-20 Ground Floor, Straits Quay, Jalan Seri Tg Pinang, Seri Tanjung Pinang, 10470 Tanjung Tokong, Pulau Pinang",10470,Tanjung Tokong,Penang Island,Penang,Food & Beverage,Outdoor seating,None
ChiliHead Social Bar & Eatery,"3A-G-11 Straits Quay Straits Quay, Jalan Seri Tanjung Pinang, Seri Tanjung Pinang Tanjung Tokong, 10470 George Town, Pulau Pinang",10470,Tanjung Tokong,Penang Island,Penang,Food & Beverage,Outdoor seating,None
Full Of Beans,"3H-G-11, Straits Quay, Jalan Seri Tg Pinang, 10470 Tanjung Bungah, Penang",10470,Tanjung Bungah,Penang Island,Penang,Food & Beverage,Outdoor seating,None
Healy Mac's Irish Bar & Restaurant (Tanjung Tokong Penang),"3A-G9 & 10, Straits Quay, Jalan Seri Tanjung Pinang, Seri Tanjung Pinang, 10470 Tanjung Tokong, Pulau Pinang",10470,Tanjung Tokong,Penang Island,Penang,Food & Beverage,Outdoor seating,None
Real Food Grocer,"3A-G-13D, Straits Quay, Jalan Seri Tg Pinang, Seri Tanjung Pinang, 10470 Tanjung Tokong, Pulau Pinang",10470,Tanjung Tokong,Penang Island,Penang,Food & Beverage,Outdoor seating,Vegetarian
Viva Local Food Haven,"Lot 303, Jalan C M Hashim, Tanjung Tokong, 10470 Tanjung Bungah, Pulau Pinang",10470,Tanjung Tokong,Penang Island,Penang,Food & Beverage,Outdoor seating,None
ChiliHead Social Bar & Eatery,"3A-G-11 Straits Quay Straits Quay, Jalan Seri Tanjung Pinang, Seri Tanjung Pinang Tanjung Tokong, 10470 George Town, Pulau Pinang",10470,Tanjung Tokong,Penang Island,Penang,Food & Beverage,Outdoor seating,
2 Acres Cafe,"Lot 313, Jalan Teluk Bahang, Kampung Sungai Pinang, 11000 Balik Pulau, Pulau Pinang",11000,Balik Pulau,Penang Island,Penang,Food & Beverage,Outdoor seating,Durian farm
2F+ Coffee Roastery,"MK 6, 164C, Jalan P. Upih, 11000 Balik Pulau, Penang",11000,Balik Pulau,Penang Island,Penang,Food & Beverage,Outdoor seating,None
406 Dusun Durian Balik Pulau,"Kampung Genting Dalam, 11000 Balik Pulau, Penang",11000,Balik Pulau,Penang Island,Penang,Activity,,Durian farm
Balik Kampung at Balik Pulau,"278 MK D, Kuala, Jalan Baru, Kampung Kuala Muda, 11000 Balik Pulau, Pulau Pinang",11000,Balik Pulau,Penang Island,Penang,Food & Beverage,Indoor seating,None
Bangawan Solo Campsite,"Jalan Heng Leng Fong, Kampung Batu Putih, 11000 Balik Pulau, Pulau Pinang",11000,Balik Pulau,Penang Island,Penang,Camping,,None
Gertak Sanggul Beach,"Gertak Sanggul, Bayan Lepas, Penang",11000,Bayan Lepas,Penang Island,Penang,Beach,,None
Nada Natural Farming,"Lot 646 & 647, Jalan Kuala Sungai Burung, Kampung Sungai Burung, 11000 Balik Pulau, Pulau Pinang",11000,Balik Pulau,Penang Island,Penang,Attraction,,None
Pantai Pasir Panjang (Long Sand Beach),"Pulau Betong, 11000, Pulau Pinang",11000,Bayan Lepas,Penang Island,Penang,Beach,,None
金玉满堂 Golden Jade Coffee House,"18, Jln Sungai Air Putih, Bandar Baru Air Putih, 11000 Balik Pulau, Pulau Pinang",11000,Balik Pulau,Penang Island,Penang,Food & Beverage,Outdoor seating,None
Karuna Hill,"849, BHRN 125, Bukit Kechil Mukim 2, 11010 Balik Pulau, Pulau Pinang",11010,Balik Pulau,Penang Island,Penang,Pet friendly stay,,Durian orchard
Saanen Dairy Goat Farm,"298 Mukim 1 Sungai Pinang, 11010 Balik Pulau, Penang",11010,Balik Pulau,Penang Island,Penang,Attraction,Farm,Goat farm
Cat Beach Sanctuary,"778, Jalan Teluk Awak, Teluk Bahang, 11050 Tanjung Bungah, Pulau Pinang",11050,Teluk Bahang,Penang Island,Penang,Attraction,,None
Monkey Beach,"Jalan Hassan Abas, Teluk Bahang, 11050 Tanjung Bungah, Pulau Pinang",11050,Tanjung Bungah,Penang Island,Penang,Beach,,None
Tropical Spice Garden | Events Venue | Cooking Classes | Spice Store,"Lot 595 Mukim, 2, Jalan Teluk Bahang, Teluk Bahang, 11050 George Town, Pulau Pinang",11050,Teluk Bahang,Penang Island,Penang,Food & Beverage,Outdoor seating; Beach,None
Frandy Beach Bar & Restaurant,"363, Gerai Kilat, Batu Ferringhi, 11100, Penang",11100,Batu Ferringhi,Penang Island,Penang,Food & Beverage,Outdoor seating; Beach,None
Shamrock Pantai,"11100 Tanjung Bungah, Penang",11100,Tanjung Bungah,Penang Island,Penang,Beach,,None
Natsu Bar & Dining,"72C-G-8, Ferringhi Walk, Jalan Batu Ferringhi, 11100 Batu Ferringhi, Pulau Pinang",11100,Batu Ferringhi,Penang Island,Penang,Food & Beverage,Outdoor seating,None
Baa Baa Black Sheep,"8A, Jalan Tanjung Bungah, 11200 Tanjung Bungah, Pulau Pinang",11200,Tanjung Bungah,Penang Island,Penang,Food & Beverage,Outdoor seating,None
Breath Cafe,"71, Lorong Lembah Permai 3, 11200 Tanjung Bungah, Pulau Pinang",11200,Tanjung Bungah,Penang Island,Penang,Food & Beverage,Indoor seating,None
Gusto Cafe,"4, Jalan Sungai Kelian, 11200 Tanjung Bungah, Pulau Pinang",11200,Tanjung Bungah,Penang Island,Penang,Food & Beverage,Indoor seating; Outdoor seating,None
Jalan Abbas Beach,"11200 Tanjung Bungah, Penang",11200,Tanjung Bungah,Penang Island,Penang,Beach,,None
Tanjung Bungah Public Beach,"11200 Tanjung Bungah, Penang",11200,Tanjung Bungah,Penang Island,Penang,Beach,,None
Double Spoon,"546C, Jalan Tanjung Bungah, 11200 Tanjung Bungah, Pulau Pinang",11200,Tanjung Bungah,Penang Island,Penang,Food & Beverage,Outdoor seating,None
Home Cafe Penang,"1-M, Jalan Sungai Kelian, Tanjung Tokong, 11200 Tanjung Bungah, Pulau Pinang",11200,Tanjung Tokong,Penang Island,Penang,Food & Beverage,Outdoor seating,None
Javu,"26, Lebuh Lembah Permai 4, Tanjung Tokong, 11200 Tanjung Bungah, Pulau Pinang",11200,Tanjung Tokong,Penang Island,Penang,Food & Beverage,Outdoor seating,None
Kafe Tsunami Seafood,"543-A, Jalan Tanjung Bungah, Tanjung Tokong, 11200 Tanjung Bungah, Pulau Pinang",11200,Tanjung Tokong,Penang Island,Penang,Food & Beverage,Outdoor seating,None
Let's Meat | American Restaurant | American Food | American Breakfast,"18, Lebuh Lembah Permai 4, Tanjung Tokong, 11200 Tanjung Bungah, Pulau Pinang",11200,Tanjung Bungah,Penang Island,Penang,Food & Beverage,Outdoor seating,None
Oceano Symphony,"338, Jalan Tokong Thai Pak Koong, Tanjung Tokong, 11200 Tanjung Bungah, Pulau Pinang",11200,Tanjung Tokong,Penang Island,Penang,Food & Beverage,Outdoor seating,None
Sunshine Bay Seafood,"5A, Jalan Tanjung Bungah, 11200 Tanjung Bungah, Pulau Pinang",11200,Tanjung Bungah,Penang Island,Penang,Food & Beverage,Outdoor seating,None
THE HILLSIDE,"3, Jalan Sungai Kelian Tanjung Bungah, 11200 George Town, Pulau Pinang",11200,Tanjung Bungah,Penang Island,Penang,Food & Beverage,Outdoor seating,None
Garygraphy Studio,"1-2-5, Medan Angsana 3, Bandar Baru Air Itam, 11500 Ayer Itam, Pulau Pinang",11500,Ayer Itam,Penang Island,Penang,Activity,Photography studio,None
Pet Amazon宠物亚马逊,"Jalan Oriental, Paya Terubong, 11500 Ayer Itam, Pulau Pinang",11500,Ayer itam,Penang Island,Penang,Activity,Swimming; Grooming; Boarding,None
SMART PAWS STATION,"48I, Medan Chor Sin Kheng, Kampung Pisang, 11500 Ayer Itam, Pulau Pinang",11500,Ayer Itam,Penang Island,Penang,Food & Beverage; Swimming,Outdoor seating,None
27 By The Sea,"27, Persiaran Karpal Singh 1, 11600 Jelutong, Pulau Pinang",11600,Jelutong,Penang Island,Penang,Food & Beverage,Outdoor seating,None
Berlinz Square,"Penang, George Town, Georgetown, Hilir Sungai Pinang, 29C-02-14邮政编码: 11600",11600,Georgetown,Penang Island,Penang,Food & Beverage,Outdoor seating,None
Dataran Persiaran Karpal Singh,"1, Karpal Singh Dr, 11600 George Town, Penang",11600,Jelutong,Penang Island,Penang,Attraction,,None
Breakfast ROTI by GB,"7, Medan Penaga, Kampung Batu Lanchang, 11600 George Town, Pulau Pinang",11600,Georgetown,Penang Island,Penang,Food & Beverage,Outdoor seating,None
James Foo Western Food @ Karpal Singh Drive,"29C-01-13, Maritime Piazza, Persiaran Karpal Singh 2, 11600 Jelutong, Penang",11600,Jelutong,Penang Island,Penang,Food & Beverage,Outdoor seating,None
Yuu Music Bar,"29C-2-17, Karpal Singh Drive, 5 2, Lebuh Sungai Pinang, 11600 Jelutong",11600,Jelutong,Penang Island,Penang,Food & Beverage,Outdoor seating,None
三点三Meet-PG,"210, Jalan Tan Sri Teh Ewe Lim, 11600 Jelutong, Pulau Pinang",11600,Jelutong,Penang Island,Penang,Food & Beverage,Outdoor seating,None
Indoya Thai Restaurant,"82-F, Jln Tan Sri Teh Ewe Lim, Taman Koperasi Jelutong, 11600 Jelutong, Pulau Pinang",11600,Jelutong,Penang Island,Penang,Food & Beverage,Indoor seating,None
Bark & Bean Pet Cafe,"18, Jalan Pantai Jerjak, Taman Pantai Jerjak, 11700 Gelugor, Pulau Pinang",11700,Gelugor,Penang Island,Penang,Food & Beverage,Indoor seating,None
2F+ Coffee Roastery Relau,"Jalan Paya Terubung, 11900 Bayan Lepas, Pulau Pinang",11900,Bayan Lepas,Penang Island,Penang,Food & Beverage,Outdoor seating,None
Hai Jia Seafood Restaurant,"7135, Lintang Permatang Damar Laut, Rumah Murah Fasa 2, 11960 Batu Maung, Pulau Pinang",11900,Batu Maung,Penang Island,Penang,Food & Beverage,Outdoor seating,None
3 Leg Cat Cafe,"The Golden Triangle, 29-1-62, 11900, Jalan Paya Terubung, Relau, 11900 Bayan Lepas, Penang",11900,Bayan Lepas,Penang Island,Penang,Food & Beverage,Indoor seating,None
Cas Cas Cafe (Pet Friendly),"302-A, Jalan Tun Dr Awang, South Homes, 11900 Bayan Lepas, Pulau Pinang",11900,Bayan Lepas,Penang Island,Penang,Food & Beverage,Indoor seating,None
Emperor Villa Penang,"Jalan Kenari, Sungai Ara, 11900 Bayan Lepas, Penang",11900,Bayan Lepas,Penang Island,Penang,Hiking,Food & Beverage; Outdoor seating,None
Ohana Paw Food,"22a, Lengkok Merbah 2, Taman Sri Bayan, 11900 Bayan Lepas, Pulau Pinang",11900,Bayan Lepas,Penang Island,Penang,Food & Beverage,Indoor seating,None
Xiang Yun Vegetarian House,"No. 17-G-31 Mk 12 Bayan Point, Medan Kampung Relau, 11900 Bayan Lepas, Pulau Pinang",11900,Bayan Lepas,Penang Island,Penang,Food & Beverage,Indoor seating,Vegetarian
Gertak Sanggul Seafood Fishing Stage,"Jalan Gertak Sanggul, Gertak Sanggul, 11900 Bayan Lepas, Pulau Pinang",11900,Bayan Lepas,Penang Island,Penang,Food & Beverage,Outdoor seating,None
Uncle Ray's Grill,"Sungai Ara, 11900 Bayan Lepas, Penang",11900,Bayan Lepas,Penang Island,Penang,Food & Beverage,Outdoor seating,None
Sri Nibong Cafe,"Jalan Sultan Azlan Shah, Taman Sri Nibong, 11900 Bayan Lepas, Pulau Pinang",11900,Bayan Lepas,Penang Island,Penang,Food & Beverage,Outdoor seating,Night time
Country Home & Cafe 山水胜地民宿餐馆,"390, Jalan Gertak Sanggul, Gertak Sanggul, 11910 Bayan Lepas, Pulau Pinang",11910,Bayan Lepas,Penang Island,Penang,Food & Beverage,Outdoor seating,None
Hao You Teluk Kumbar Seafood,"84, Mk, 9, Jalan Teluk Kumbar, 11920 Bayan Lepas, Pulau Pinang",11920,Bayan Lepas,Penang Island,Penang,Food & Beverage,Outdoor seating,None
Oishinabe Shabu x Kushiyaki Promenade,"The Promenade, 5-G-36, Persiaran Mahsuri, Bayan Baru, 11950 Bayan Lepas, Pulau Pinang",11950,Bayan Lepas,Penang Island,Penang,Food & Beverage,Outdoor seating,None
Zai Seng Seafood,"Jalan Pantai Bersih, Taman Pantai Bersih, 13000 Butterworth, Pulau Pinang",13000,Butterworth,Seberang Perai,Penang,Food & Beverage,Outdoor seating,None
饮早茶海边点心馆 Morning Tea Seaside Dim Sum,"23, Tingkat Laksamana 8, Taman Robina, 13050 Butterworth, Pulau Pinang",13050,Butterworth,Seberang Perai,Penang,Food & Beverage,Indoor seating,None
Sabai Sabai Thai Restaurant,"4601, Jalan Ong Yi How, Taman Dedap, 13400 Butterworth, Pulau Pinang",13400,Butterworth,Seberang Perai,Penang,Food & Beverage,Outdoor seating,
Taiwan Village Restaurant,"C 1332, 34, Lebuh Kurau 3 Chai Leng Park Malaysia, Taman Chai Leng, 13700 Perai, Penang",13700,Perai,Seberang Perai,Penang,Food & Beverage,Outdoor seating,None
490 Specialty Coffee,"1086, Kampung Permatang Tinggi, 14000 Bukit Mertajam, Pulau Pinang",14000,Bukit Mertajam,Bukit Mertajam,Penang,Food & Beverage,Outdoor seating,None
A SIP COCKTAILS SPEAKEASY BAR,"No.23-6th floor, Juru Sentral, Jalan Juru Sentral, Juru Sentral, 14000 Bukit Mertajam, Pulau Pinang",14000,Bukit Mertajam,Bukit Mertajam,Penang,Food & Beverage,Indoor seating,None
Huo Guo Shan (Bukit Mertajam),"2696, Lor Aston Indah 2, 14000 Bukit Mertajam, Penang",14000,Bukit Mertajam,Bukit Mertajam,Penang,Hiking,,None
Khing Cafe,"87 Tingkat Bawah, Lrg Tembikai 1, Kawasan Perniagaan Sungai Rambai, 14000 Bukit Mertajam, Pulau Pinang",14000,Bukit Mertajam,Bukit Mertajam,Penang,Food & Beverage,Indoor seating,None
Roku The Taco Bar,"15, Jalan Datuk Ooh Chooi Cheng, 14000 Bukit Mertajam, Pulau Pinang",14000,Bukit Mertajam,Bukit Mertajam,Penang,Food & Beverage,Indoor seating,None
Shake King,"3202g, Jalan Maju, Pusat Perniagaan Maju, 14000 Bukit Mertajam, Penang",14000,Bukit Mertajam,Bukit Mertajam,Penang,Food & Beverage,Outdoor seating,None
Gac Farm 天堂果园,"Lot 897, Jalan Mengkuang, Berapit, Mengkuang Berapit, 14000 Bukit Mertajam, Pulau Pinang",14000,Bukit Mertajam,Bukit Mertajam,Penang,Attraction,,None
Jetty Seafood,"1249, Jalan Bukit Tambun, Bukit Tambun, 14100 Simpang Ampat, Pulau Pinang",14100,Simpang Ampat,Seberang Perai,Penang,Food & Beverage,Outdoor seating,None
Central Island Park Batu Kawan@Vision City,"Persiaran Cassia Barat 8, 14110 Simpang Ampat, Pulau Pinang",14110,Simpang Ampat,Seberang Perai,Penang,Park,,None
Floating Seafood Paradise Restaurant,"Lot 2400, Jalan Bukit Tambun, 14110 Simpang Ampat, Penang",14110,Simpang Ampat,Seberang Perai,Penang,Food & Beverage,Indoor seating,None
Stone Dragon Hill,"Jalan Jelita, 14200 Sungai Jawi, Pulau Pinang",14200,Sungai Jawi,Penang Island,Penang,Hiking,,None
No.8 Sandwich Club,"8, Lorong Fajar 1, Taman Fajar, 14300 Nibong Tebal, Pulau Pinang",14300,NIbong Tebal,Seberang Perai,Penang,Food & Beverage,Indoor seating,Photography services
The Coffee Cottage,"10, Lorong Belatuk 9, Taman Belatuk, 14300 Nibong Tebal, Pulau Pinang",14300,Nibong Tebal,Seberang Perai,Penang,Food & Beverage,Outdoor seating,None
T-Homemade Cafe 登州家乡小食馆,"214, Jalan Kampung Cina, 20100 Kuala Terengganu, Terengganu",20100,Kuala Terengganu,Kuala Terengganu,Terengganu,Food & Beverage,Outdoor seating,None
Ah Hong Cafe,"Jalan Cerong Lanjut, 20300 Kuala Terengganu, Terengganu",20300,Kuala Terengganu,Kuala Terengganu,Terengganu,Food & Beverage,Outdoor seating,None
NL Celup Tepung BIRA PATA,"No 35, Kampung Penarik, 22120, Terengganu",22120,Pantai Penarik,Kampung Penarik,Terengganu,Food & Beverage,Outdoor seating,None
Woof & Meow,"Jalan Pantai Teluk Bidara, Kampung Kubang Putat, 23050 Kuala Dungun, Terengganu",23050,Dungun,Dungun,Terengganu,Accomodation,None,None
Leong Seafood Restaurant,"Kampung Dusun Nyior, 24000 Chukai, Terengganu",24000,Chukai,Chukai,Terengganu,Food & Beverage,Outdoor seating,None
Restoran Sin Bing Kee,"K 166 B, Jalan Sulaimani, Kampung Dusun Nyior, 24000 Chukai, Terengganu",24000,Chukai,Chukai,Terengganu,Food & Beverage,Outdoor seating,None
Red Cafe,"Jalan Dato Lim Hoe Lek, Putra Square, 25200 Kuantan, Pahang",25200,Kuantan,Kuantan,Pahang,Food & Beverage,Outdoor seating,None
The Hangover,"3654, Jalan Tok Sira, Taman Taz, 25250 Kuantan, Pahang",25250,Kuatan,Kuantan,Pahang,Food & Beverage,Indoor seating; OUtdoor seating,None
"333泰国美食Restoran Triple Three Tomyam (Air Putih, Kuantan)","LOT PT 16826, Jalan Galing 2, Galing, 25300 Kuantan, Pahang",25300,Kuantan,Kuantan,Pahang,Food & Beverage,Outdoor seating,None
Alor Akar Seafood Restaurant,"Lot 7695 & 7696, Jalan Kubang Buaya, Taman Mariana, 25300 Kuantan, Pahang",25300,Kuantan,Kuantan,Pahang,Food & Beverage,Outdoor seating,None
Payung Getaway Campsite & RV Park,"Jalan Kampung Cherating Lama Balok, Kampung Cherating, 26080 Kuantan, Pahang",26080,Cherating,Kuantan,Pahang,Camping,None,
Don't Tell Mama Beach Cafe,"Ranting Resort, Kampung Cherating Lama, Jalan Kuantan-Kemaman, 26080 Kuantan, Pahang",26080,Cherating,Kuantan,Pahang,Food & Beverage,Outdoor seating,Beach
Boutel Orchard,"Kampung Baharu Teras, 27600 Raub District, Pahang",27600,Raub,Raub,Pahang,Camping,,None
Gibbon Retreat Bentong,"Lot 17799 Sungei Semantut, 27600 Bentong, Pahang",27600,Bentong,Bentong,Pahang,Pet friendly stay; Camping,,None
Indigo Hill Resort - Raub,"28A (Lot 51 Kg Tranum, Bukit Fraser, 27600 Raub, Pahang",27600,Fraser's Hill,Raub,Pahang,Pet friendly stay,None,None
Bilut Extreme Park,"Kampung Baharu, 27600 Bentong, Pahang",27600,Bentong,Bentong,Pahang,Attraction,None,None
Jimmy's Durian Orchard,"Jalan Lama Bentong - Karak, 28600 Karak, Pahang",28600,Karak,Karak,Pahang,Activity,,None
Zen Forest,"Lot 4651, Kg Sg Bot Bt 23 Manchis Karak, 28600 Bentong, Pahang",28600,Karak,Karak,Pahang,Camping,,None
Restoran Mau Kee,"Kampung Baru Karak, 28600 Karak, Pahang",28600,Karak,Karak,Pahang,Food & Beverage,Outdoor seating,None
Bricolage Farm & Homestay,"Lot 3151, Sg. Limau, Mukim, 28620 Karak, Pahang",28620,Karak,Karak,Pahang,Pet friendly stay,,None
Bentong Eco Container Campsite,"68 Jalan Kuala Lumpur - Bentong (Lama), Bentong, Malaysia",28700,Bentong,Bentong,Pahang,Camping,None,None
Bentong Happy Farm,"Lot 3562, 3rd mile, Jalan Chamang, 28700 Bentong, Pahang",28700,Bentong,Bentong,Pahang,Camping,,None
Kechara Forest Retreat 克切拉禅修林,"Lot 3189, Jalan Chamang, 28700 Bentong, Pahang",28700,Bentong,Bentong,Pahang,Activity,,Follow Facebook page for activities available for pets
Kesyar Falls Eco Sanctuary,"28700 Bentong, Pahang",28700,Bentong,Bentong,Pahang,Camping,,None
Little Habitat (LHG),"Karak Expy, lama, 28700 Bentong, Pahang",28700,Bentong,Bentong,Pahang,Camping; Glamping,,None
Momota Pet Grooming 宠物美容,"P13, 3, Jalan Chui Yin, 28700 Bentong, Pahang",28700,Bentong,Bentong,Pahang,Food & Beverage,Indoor seating,Upstairs
Tomyam King (Restoran Krauthai),"Jalan Ulu Perting 1, Kampung Perting, 28700 Bentong, Pahang",28700,Bentong,Bentong,Pahang,Food & Beverage,Outdoor seating,None
Tong Lok Dim Sum 桐樂点心,"H102, Lorong Aman 6, Kampung Kemansur, 28700 Bentong, Pahang",28700,Bentong,Bentong,Pahang,Food & Beverage,Outdoor seating,None
外婆家小食馆,"H-10-A, Kampung Perting, 28700 Bentong, Pahang",28700,Bentong,Bentong,Pahang,Food & Beverage,Outdoor seating,None
ATV Janda Baik Rimba Valley Motor Campsite,"PT 22066 Jalan Ulu Benus Janda Baik, 28750 Bentong, Pahang",28750,Janda Baik,Bentong,Pahang,Camping,,None
Camp Lù Yīng,"Camp Lù Yīng, Kampung Bukit Tinggi, 28750 Bentong, Pahang",28750,Bukit Tinggi,Bentong,Pahang,Camping,,None
Chin Swee Caves Temple,"Exit 68, Genting Sempah, Pahang, 28750 Bentong",28750,Genting Sempah,Bentong,Pahang,Attraction,,None
Griffin,"Kg sum sum Hulu, Lrg. Endrong, Kampung Janda Baik, 28750 Bentong, Pahang",28750,Janda Baik,Bentong,Pahang,Pet friendly stay; Camping,,None
Leng's Cafe,"Lot 8429, Mukim, Kampung Bukit Tinggi, 28750 Bentong, Pahang",28750,Bukit Tinggi,Bentong,Pahang,Food & Beverage,Indoor seating,None
Luca Camp 露咖,"Kampung Bukit Tinggi Bukit Tinggi, 28750 Bentong, Pahang",28750,Bukit Tinggi,Bentong,Pahang,Camping; Glamping,,None
Plateau Farm Campsite,"8RFH+84, 28750 Bentong, Pahang",28750,Janda Baik,Bentong,Pahang,Camping,,None
Sempah T-Farm,"Lot 10141, KL, Karak Expy, Genting Sempah, 28750 Bentong, Pahang",28750,Genting Sempah,Bentong,Pahang,Camping; Glamping,,None
SIR Camping Site,"Lot 8536, Kuala Lurah, Kg, Kampung Janda Baik, 28750 Bentong, Pahang",28750,Janda Baik,Bentong,Pahang,Camping,,None
Tentent Cafe & BBQ,"Tentent @ Rainforest Park, Lot 9048, Genting Sempah, 28750 Bentong, Pahang",28750,Genting Sempah,Bentong,Pahang,Food & Beverage,Indoor seating,Only downstairs
Yunkai Campsite,"Genting Sempah, 28750 Bentong, Pahang",28750,Genting Sempah,Bentong,Pahang,Camping,,None
Zaini Guest House,"Unnamed Rd,, Kampung Orang Asli Hulu Chemperuh, 28750 Bentong, Pahang",28750,Janda Baik,Bentong,Pahang,Camping,,None
D Village View Restaurant,"Kampung Bukit Tinggi, 28750 Bentong, Pahang",28750,Bukit Tinggi,Bentong,Pahang,Food & Beverage,Outdoor seating,Reservations required
E FARM Restaurant,"Jalan Genting Sempah, Genting Sempah, 28750 Bentong, Pahang",28750,Genting Sempah,Bentong,Pahang,Food & Beverage,Outdoor seating,None
Fantasy Valley Restaurant 桃源谷饭店,"Pahang, Bentong, Kampung Bukit Tinggi, Lot 926邮政编码: 28750",28750,Bukit Tinggi,Bentong,Pahang,Food & Beverage,Outdoor seating,None
Garden View Restaurant 枫林品鲜馆,"Lot 19326 & 19327, Pesona Heights, Kampung Bukit Tinggi, 28750 Bentong, Pahang",28750,Bukit Tinggi,Bentong,Pahang,Food & Beverage,Outdoor seating,None
Pintô Coffee+,"Kampung Janda Baik, 28750 Bentong, Pahang",28750,Janda Baik,Bentong,Pahang,Food & Beverage,Outdoor seating,None
Restaurant Gather By The Hill,"Lot 25001-B, Jalan Bukit Tinggi, 28750 Bentong, Pahang",28750,Bukit Tinggi,Bentong,Pahang,Food & Beverage,Outdoor seating,None
Restoran Remember Me 126,"PT3347, Kg, Bukit Tinggi, 28750 Bentong, Pahang",28750,Bukit Tinggi,Bentong,Pahang,Food & Beverage,Outdoor seating,None
Restoran Wonderland Valley 桃源谷美食,"lot 9253, Kampung Bukit Tinggi, 28750 Bentong, Pahang",28750,Bukit Tinggi,Bentong,Pahang,Food & Beverage,Outdoor seating,Carrier / Stroller
Ying Cafe @ Camp Lu Ying,"Camp Lu Ying, Kampung Bukit Tinggi, 28750 Bentong, Pahang",28750,Genting Sempah,Bentong,Pahang,Food & Beverage,Outdoor seating,
通豪饭店 Restaurant Tong Hao,"P12, Jalan Pesona 1, Kampung Bukit Tinggi, 28750 Bentong, Pahang",28750,Bukit Tinggi,Bentong,Pahang,Food & Beverage,Outdoor seating,None
风味菜馆 / Restaurant Leong Chee Hoong ,"no 1 kg bukit tinggi, Kampung Bukit Tinggi, 28750 Bentong, Pahang",28750,Bukit Tinggi,Bentong,Pahang,Food & Beverage,Outdoor seating,None
家好月圆美食馆 Moonlight Resonance Restaurant,"No.15, Jalan Pesona 1, Taman Pesona Height Bukit Tinggi, 28750 Bentong, Pahang",28750,Bukit Tinggi,Bentong,Pahang,Food & Beverage,Outdoor seating,None
The Qiū Dining,"Geran Mukim 7509, No. Lot 28208, Bukit Tinggi, 28750 Bentong, Pahang",28750,Bukit Tinggi,Bentong,Pahang,Food & Beverage,Outdoor seating,None
IKAN Glampsite,"Lot 27826, Jalan Lama, Lebuhraya Karak, Bukit Tinggi, 28750 Bentong, Pahang",28750,Bukit Tinggi,Bentong,Pahang,Glamping,None,None
De Cafe & Rest House,"35, Jalan Sultan Iskandar, 30000 Ipoh, Perak",30000,Ipoh,Ipoh,Perak,Food & Beverage,Indoor seating,None
Signature 49 Cafe,"49, Jalan Market, 30000 Ipoh, Perak",30000,Ipoh,Ipoh,Perak,Food & Beverage,Indoor seating,None
The Happy 8 Retreat @ Old Town,"46, Jalan Market, 30000 Ipoh, Perak",30000,Ipoh,Ipoh,Perak,Pet friendly stay,,None
晨 M Breakfast Cafe,"7, Lorong Bijih Timah, 30000 Ipoh, Perak",30000,Ipoh,Ipoh,Perak,Food & Beverage,Indoor Seating,None
Kiki lalat,"27, Jalan Bijeh Timah, 30000 Ipoh, Perak",30000,Ipoh,Ipoh,Perak,Food & Beverage,Outdoor seating,None
Memories Ipoh by Morel Restaurant,"No 1, Lorong Bijih Timah, 30000 Ipoh, Perak",30000,Ipoh,Ipoh,Perak,Food & Beverage,Outdoor seating,None
Restoran Tauge Ayam Lou Wong,"49, Jalan Yau Tet Shin, Taman Jubilee, 30000 Ipoh, Perak",30000,Ipoh,Ipoh,Perak,Food & Beverage,Outdoor seating,None
My Kitchen Restaurant,"5 jalan Windsor , off jalan gopeng , Ipoh, Malaysia",30250,Ipoh,Ipoh,Perak,Food & Beverage,Indoor seating,None
Just Say Cafe《西》,"20, Jalan Lau Ek Ching, Kampung Jawa, 30300 Ipoh, Perak",30300,Ipoh,Ipoh,Perak,Food & Beverage,Outdoor seating,None
Ong Kee Restaurant,"No. 48/51, 53, Jalan Yau Tet Shin, Taman Jubilee, 30300 Ipoh, Perak",30300,Ipoh,Ipoh,Perak,Food & Beverage,Outdoor seating,None
Tong Sui Kai 糖水街,"Jalan Carey, Taman Jubilee, 30300 Ipoh, Perak",30300,Ipoh,Ipoh,Perak,Food & Beverage,Outdoor seating,None
Atapas,"42A, Lorong Cheah Cheang Lim, 30350 Ipoh, Perak",30350,Ipoh,Ipoh,Perak,Food & Beverage,Outdoor seating,None
ABOF Desserts Cafe,"8, 10, Jalan Raja Ekram, Taman Jubilee, 30450 Ipoh, Perak",30450,Ipoh,Ipoh,Perak,Food & Beverage,Indoor seating,Upstairs; Leashed at all times
D'Pets Kingdom,"8, Lebuh Satu, Greentown Ipoh, 30450 Ipoh, Perak",30450,Greentown,Ipoh,Perak,Swimming Pool,None,None
Gor Bar 露天茶座,"Lot 49669, Jalan Tambun, 31150 Ulu Kinta, Perak",31150,Ulu Kinta,Ulu Kinta,Perak,Food & Beverage,Outdoor seating,None
Baan Chan Thai private kitchen,"49 KLEBANG IMPIAN,4 TAMAN KLEBANG IMPIAN PERAK CHEMOR 31200, Ipoh, Malaysia",31200,Chemor,Ipoh,Perak,Food & Beverage,Outdoor seating,Reservation required
Chapter 6 Cafe,"757, Jln. Kuala Kangsar, Taman Tasek Jaya, 31400 Ipoh, Perak",31400,Ipoh,Ipoh,Perak,Food & Beverage,Indoor seating,
Dream & Wander Homestay,"20, Persiaran Sungai Senam, Taman Ipoh, 31400 Ipoh, Perak",31400,Ipoh,Ipoh,Perak,Pet friendly stay,,None
Ipoh Bean Bar (Ipoh Garden East) 怡保豆霸 (东区 ) (豆腐花豆花豆奶),"11, Jalan Medan Ipoh 1, Bandar Baru Medan Ipoh, 31400 Ipoh, Perak",31400,Ipoh,Ipoh,Perak,Food & Beverage,Indoor seating,None
Mito Ipoh,"42, Lintasan Perajurit 6, Taman Ipoh Timur, 31400 Ipoh, Perak",31400,Ipoh,Ipoh,Perak,Food & Beverage,Indoor seating,Carrier / Stroller
Perak Cave Temple 霹雳洞,"Jalan. Kuala Kangsar, Kawasan Perindustrian Tasek, 31400 Ipoh, Perak",31400,Ipoh,Ipoh,Perak,Attraction,,None
Dimsum Paradise 御寶軒港式點心,"48, 50, Lengkok Canning, Taman Ipoh, 31400 Ipoh, Perak",31400,Ipoh,Ipoh,Perak,Food & Beverage,Outdoor seating,None
Mama Noodle Cafe,"132, Hala Wah Keong, Taman Mirindi, 31400 Ipoh, Perak",31400,Ipoh,Ipoh,Perak,Food & Beverage,Outdoor seating,None
Restaurant Ko Pi Tim,"2, Jalan Medan Ipoh 1D, Medan Ipoh Bestari, 31400 Ipoh, Perak",31400,Ipoh,Ipoh,Perak,Food & Beverage,Outdoor seating,None
Restoran Moon De Moon,"148, Hala Wah Keong, Taman Mirindi, 31400 Ipoh, Perak",31400,Ipoh,Ipoh,Perak,Food & Beverage,Outdoor seating,None
Restoran Rasa Lain PLT,"69, Persiaran Medan Bercham 2, Pusat Bandar Baru Bercham, 31400 Ipoh, Perak",31400,Ipoh,Ipoh,Perak,Food & Beverage,Outdoor seating,None
Chapter 6 Cafe,"757, Jln. Kuala Kangsar, Taman Tasek Jaya, 31400 Ipoh, Perak",31400,Ipoh,Ipoh,Perak,Food & Beverage,Indoor seating,Reservation required
Red Mountain Sin Yoon Loong White Coffee 新源隆白咖啡,"Lot.59241, Bukit Merah Industrial Estate, Batu 4 1/2, 31450 Ipoh, Perak",31450,Ipoh,Ipoh,Perak,Food & Beverage,Outdoor seating,None
Green View River Camp Enterprise,"Lot 25374, Kampung Jahang, 31600 Gopeng, Perak",31600,Gopeng,Gopeng,Perak,Camping,,None
Da Ming Kopisan Laifun (Kedai Kopi Kin Hong),"S9, Jalan Pasar, Kopisan Baru, 31600 Gopeng, Perak",31600,Gopeng,Gopeng,Perak,Food & Beverage,Outdoor seating,None
Gopeng Hill Asam Laksa,"Jalan Kampung Pintu Padang, Gopeng, Malaysia",31600,Gopeng,Gopeng,Perak,Food & Beverage,Outdoor seating,None
ART BNB WORKSHOP,"1182, Jalan Queen, Pasir Pinji, 31650 Ipoh, Perak",31650,Pasar Pinji,Ipoh,Perak,Pet friendly stay,None,None
ipoh homestay 芷芯民宿,"57, Jalan Bunga Raya, Taman Mayfair, 31650 Ipoh, Perak",31650,Ipoh,Ipoh,Perak,Pet friendly stay,,None
Tung's Tropika,"56, Laluan Desa Pengkalan 1, Taman Desa Pengkalan, 31650 Ipoh, Perak",31650,Ipoh,Ipoh,Perak,Pet friendly stay,,None
Restoran Thean Chun,"73, Jalan Bandar Timah, 31650 Ipoh, Perak",31650,Ipoh,Ipoh,Perak,Food & Beverage,Outdoor seating,None
Yau Kee Restaurant,"55 & 57, Jalan Idris, Kampung Masjid, 31900 Kampar, Perak",31900,Kampar,Kampar,Perak,Food & Beverage,Outdoor seating,None
Hai Tien Di Restaurant,"Kampung China, 32000 Sitiawan, Perak",32000,Sitiawan,Sitiawan,Perak,Food & Beverage,Outdoor seating,None
Ohana Bistro & Homestay,"Lot 15734,Ladang, 32000 Sitiawan, Perak",32000,Sitiawan,Sitiawan,Perak,Food & Beverage,Outdoor seating,None
Pangkor Homestay Lim,"183, Jalan Pasir Bogak, 32300 Pulau Pangkor, Perak",32300,Pulau Pangkor,Pulau Pangkor,Perak,Pet friendly stay,,None
Daddy’s Cafe,"Daddy’s Cafe, 27, Teluk Nipah, 32300 Pulau Pangkor, Perak",32300,Pulau Pangkor,Pulau Pangkor,Perak,Food & Beverage,Outdoor seating,None
Tops Bakery,"30, Jalan Medan Taiping 4, Medan Taiping, 34000 Taiping, Perak",34000,Taiping,Taiping,Perak,Camping,,None
Ma22 Agro Park,"52, A2, 34600 Kamunting, Perak",34600,Kamunting,Kamunting,Perak,Pet friendly stay,,None
Jin Chen Restaurant,"13, Persiaran Seri Kelana 1, Taman Seri Kelana, 35000 Tapah, Perak",35000,Tapah,Tapah,Perak,Food & Beverage,Outdoor seating,None
Pun Chun Restaurant,"38-40, Jalan Besar, 35500 Bidor, Perak",35500,Bidor,Bidor,Perak,Food & Beverage,Outdoor seating,None
Sungkai Organic Orchard,"Lot 3398, Kampung Hendra Baru, 35600 Sungkai, Perak",35600,Sungkai,Sungkai,Perak,Pet friendly stay,,None
Behrang Camp De Orchard,"QFGV+CX Lot 462,Off Jalan Slim Batu 8 Behrang Ulu, 35900 Tanjong Malim, Perak",35900,Tanjung Malim,Tanjung Malim,Perak,Camping,,None
Sky Mirror/Blue Tears Tourism Bagan Datuk/ 9 Island Agency Sdn.Bhd,"64, bagan, Kampung Sungai Burung, 36100 Bagan Datuk",36100,Bagan Datuk,Bagan Datuk,Perak,Pet friendly stay,,None
Restaurant Tringkap 直能甲海鲜饭店,"14, Persiaran Taman Tringkap 2, Taman Tringkap, 39000 Brinchang, Pahang",39000,Tringkap,Cameron Highlands,Pahang,Food & Beverage,Outdoor seating,None
chu.keafarm,"32, Keafarm, Brinchang, Cameron Highlands, Pahang Tua, Malaysia",39000,Brinchang,Cameron Highlands,Pahang,Pet friendly stay,,None
Loong Cheun Restaurant,"Taman Ringlet, 39000 Ringlet, Pahang",39000,Brinchang,Cameron Highlands,Pahang,Pet friendly stay,,None
Nature Cameron Mint Farm Campsite,"Lot 200, Jalan Ringlet - Sungai Koyan, Taman Ringlet, 39000 Ringlet, Pahang",39000,Ringlet,Cameron Highlands,Pahang,Camping,,None
One Ground @ Golden Hills Cameron Highland,"Lot 33a, Jalan Golden Hills 7, Tanah Rata, 39000 Brinchang, Pahang",39000,Ringlet,Cameron Highlands,Pahang,Camping,,None
"The Garden Homestay, Barrington Square Holidays Apartment, Golden Hills, Cameron Highlands","Jalan Sungai Ruil, Brinchang, 39000 Tanah Rata, Pahang",39000,Brinchang,Cameron Highlands,Pahang,Pet friendly stay,,None
the hidden lab,"C-G-21, Cameron Fair, 39000, Pahang",39000,Tanah Rata,Cameron Highlands,Pahang,Food & Beverage,Indoor seating; Outdoor seating,None
Tung's Factoria,"Habu, 39000 Ringlet, Pahang",39000,Ringlet,Cameron Highlands,Pahang,Pet friendly stay,,None
Valley View Bungalow,"Lot No. 135, Batu 33, Taman Ringlet, 39000 Ringlet, Pahang",39000,Ringlet,Cameron Highlands,Pahang,Pet friendly stay,,None
金马仑MR.GU越野4x4导游Cameron Highlands tour guide,,39000,Brinchang,Cameron Highlands,Pahang,Attraction,,4x4 tour guide
He Ping Xiao Shi（和平小食）,"Jalan Angsana 1, Brinchang, 39000 Brinchang, Pahang",39000,Brinchang,Cameron Highlands,Pahang,Food & Beverage,Outdoor seating,None
Jasmine Cafe Tanah Rata Cameron Highlands,"Tanah Rata, 39000 Tanah Rata, Pahang",39000,Tanah Rata,Cameron Highlands,Pahang,Food & Beverage,Outdoor seating,None
May Flower Restaurant,"22, Main Road, Tanah Rata, 39000 Cameron Highlands, Pahang",39000,Tanah Rata,Cameron Highlands,Pahang,Food & Beverage,Outdoor seating,None
Michael Sue & Co.,"G-5, Suriana D'Royal Lily, Jalan Royal Lily 2, Tanah Rata, 39000 Tanah Rata, Pahang",39000,Tanah Rata,Cameron Highlands,Pahang,Food & Beverage,Outdoor seating,Reservations required
OK Tuck Restaurant Brinchang Cameron Highlands,"26, Jalan Besar, Cameron Highland, 39000 Brinchang, Pahang",39000,Brinchang,Cameron Highlands,Pahang,Food & Beverage,Outdoor seating,None
Raju's Hill Strawberry Farm,"129 59, Jalan Tapah, Brinchang, 39000 Brinchang, Pahang",39000,Brinchang,Cameron Highlands,Pahang,Food & Beverage,Outdoor seating,Only allow pets during times with lesser tourists
Restaurant Only One,"No.25, Jalan Besar, Brinchang, 39000 Brinchang, Pahang",39000,Brinchang,Cameron Highlands,Pahang,Food & Beverage,Outdoor seating,None
田园泰の味 Tian Yuan Delicious THAI,"Mdch 163, Kampung Tringkap, 39000 Brinchang, Pahang",39000,Brinchang,Cameron Highlands,Pahang,Food & Beverage,Outdoor seating,None
Antique Cafe Cameron,"7C-G, Jalan Besar, 39100 Brinchang, Pahang",39100,Brinchang,Cameron Highlands,Pahang,Food & Beverage,Outdoor seating,None
Jade Vine Cafe,"Green Cow, 74, 39100 Cameron Highlands, Pahang",39100,Green Cow,Cameron Highlands,Pahang,Food & Beverage,Outdoor seating,None
Cactus View Restaurant,"Brinchang, 39100 Brinchang, Pahang",39100,Brinchang,Cameron Highlands,Pahang,Food & Beverage,Outdoor seating,None
Cameron Organic Produce Steamboat Restaurant (Non-Halal),"10, Bandar Baru, 39100 Brinchang, Pahang",39100,Brinchang,Cameron Highlands,Pahang,Food & Beverage,Outdoor seating,None
Delicious & Happiness Cameron highlands restaurant 002591829-P,"no.16, Bawah, point, Jalan Angsana 1, Brinchang, 39100 Brinchang, Pahang",39100,Brinchang,Cameron Highlands,Pahang,Food & Beverage,Outdoor seating,None
BOH Tea Centre,"Brinchang, 39100 Brinchang, Pahang",39100,Brinchang,Cameron Highlands,Pahang,Attraction,,Pets only outdoors
Cameron Lavender Garden,"59, Brinchang, 39100 Brinchang, Pahang",39100,Brinchang,Cameron Highlands,Pahang,Attraction,,Carrier / Stroller
MR. AISU Ice Cream Cafe,"No. 5, Gerai Berhampiran Pasar, 39100 Brinchang, Pahang",39100,Brinchang,Cameron Highlands,Pahang,Food & Beverage,Indoor seating; Outdoor seating,Only strollers with covers for indoor seating
Home Taste Restoran 味味好家乡餐馆,"27, Jalan Besar, Brinchang, 39100 Brinchang, Pahang",39100,Brinchang,Cameron Highlands,Pahang,Food & Beverage,Outdoor seating,None
Jin Jin Steamboat Restaurant,"43rd Mile, Kea Farm, Brinchang, Cameron Highlands",39100,Brinchang,Cameron Highlands,Pahang,Food & Beverage,Outdoor seating,None
Kensington Western Restaurant ( Cameron Highland),"36-G, Jalan Palas, 39100 Brinchang, Pahang",39100,Brinchang,Cameron Highlands,Pahang,Food & Beverage,Outdoor seating,None
Restaurant Tuan Yuan,"6, Jalan Besar, Brinchang, 39100 Brinchang, Pahang",39100,Brinchang,Cameron Highlands,Pahang,Food & Beverage,Outdoor seating,None
Restoran Yao Yat,"Lot PT2131, 39100 Brinchang, Pahang",39100,Brinchang,Cameron Highlands,Pahang,Food & Beverage,Outdoor seating,None
Water Cress Valley 西洋菜谷,"Lot UT/KF/F 160, 159, Batu 44, 39100, Jalan Besar, Tringkap, 39000 Tanah Rata, Pahang",39100,Brinchang,Cameron Highlands,Pahang,Food & Beverage,Outdoor seating,None
WILD THAI Mookata & Steamboat - 泰嘢 泰式烧烤&火锅,"D-2-54, Cameron Centrum, 39100 Brinchang, Pahang",39100,Brinchang,Cameron Highlands,Pahang,Food & Beverage,Outdoor seating,None
鸡煲之家 Chicken Claypot House Cameron Highlands,"B-G-24-25, Cameron Centrum, Brinchang, 39100 Brinchang, Pahang",39100,Brinchang,Cameron Highlands,Pahang,Food & Beverage,Indoor seating,Reservations required; Private Room
"Boh Tea Estate Habu, Pahang.","Boh Road, Habu, 39200 Ringlet, Pahang",39200,Ringlet,Cameron Highlands,Pahang,Attraction,,Pets only outdoors
HOME AWAY FROM HOME,"No50, jalan odp2, taman orchid, Ringlet, 39200, Cameron highlands, Taman Ringlet, 39200 Cameron Highlands, Pahang",39200,Ringlet,Cameron Highlands,Pahang,Pet friendly stay,,None
Tang's Oldish Linked-Huts,"33, Jalan ODP 2, Teres 2 1/2, 39200 Ringlet, Pahang",39200,Ringlet,Cameron Highlands,Pahang,Pet friendly stay,,None
Treegrow Camp 高原樂野,"Lot 182, Mukim, Habu, 39200 Ringlet, Pahang",39200,Ringlet,Cameron Highlands,Pahang,Camping,None,None
Zakka Campsite,"Lot 32A, Jalan, Habu, 39200 Ringlet, Pahang",39200,Ringlet,Cameron Highlands,Pahang,Camping,,None
Restaurant Siew Ming 小明风味饭店,"NO.8, Jalan Jasmine 1, Taman Jasmine Height, Jalan Ulu, 39200 Ringlet, Pahang",39200,Ringlet,Cameron Highlands,Pahang,Food & Beverage,Outdoor seating,None
Restoran Fang Xiang,"11, Jalan Besar, Taman Ringlet, 39200 Ringlet, Pahang",39200,Ringlet,Cameron Highlands,Pahang,Food & Beverage,Outdoor seating,None
Elmina Valley - Central Park,"Elmina Valley 3, 176, Jalan Metafasa U16/3, 40160 Shah Alam, Selangor",40160,Setia Eco-Park,Shah Alam,Selangor,Park,,None
Restoran Chung Sun Bak Kut Teh,"17, Jalan Gelen Ju19/J, Megamas Business Centre, 40160 Shah Alam, Selangor",40160,Sungai Buloh,Sungai Buloh,Selangor,Food & Beverage,Indoor seating,None
Happy Fellow 快樂肥宅 @Setia Taipan 2 (Sarawak Noodle House),"14G, Jalan Setia Utama AS U13/AS Setia Alam, Seksyen, U13 Shah Alam, 40170 Shah Alam, Selangor",40170,Setia Alam,Shah Alam,Selangor,Food & Beverage,Indoor seating; Outdoor seating,Carrier / Stroller
It's Okeh Mindspace Cafe,"F-2-16, Sunsuria Forum @ 7th Avenue, 1, Jalan Setia Dagang AL U13/AL, Setia Alam, 47301 Shah Alam, Selangor",40170,Setia Alam,Shah Alam,Selangor,Food & Beverage,Indoor seating,None
"Maya Park, Eco Ardence","40170, Persiaran Setia Alam, Setia Alam, 40170 Shah Alam, Selangor",40170,Setia Alam,Shah Alam,Selangor,Park,,None
Setia Eco Park Pet Friendly Park,"Setia Eco-park, 40170 Shah Alam, Selangor",40170,Setia Eco-Park,Shah Alam,Selangor,Park,,None
Shah Alam Community Forest Trail head,"Setia Eco-park, 40170 Shah Alam, Selangor",40170,Shah Alam,Shah Alam,Selangor,Hiking,,None
HONG DAE IP GU,"S, No. 19-1 Setia Avenue Jalan Setia Prima U 13, Setia Alam, 40170 Shah Alam, Selangor",40170,Setia Alam,Shah Alam,Selangor,Food & Beverage,Outdoor seating,None
Let's Joy Cafe @ Setia Alam,"Persiaran Setia Alam, Setia Alam, 40170 Shah Alam, Selangor",40170,Setia Alam,Shah Alam,Selangor,Food & Beverage,Outdoor seating,None
POLA-DOLA Cafe & Kitchen,"L33-G, Ardence Lab, PT8 Eco Ardence, Persiaran Setia Alam, Setia Alam, 40170 Shah Alam, Selangor",40170,Setia Alam,Shah Alam,Selangor,Food & Beverage,Outdoor seating,Outdoor seating for pets only available after 5pm
Yilo Restaurant and Bar Eco Ardence,"Ardence Lab L28 & L29, Persiaran Setia Alam, Setia Alam, 40170 Shah Alam, Selangor",40170,Setia Alam,Shah Alam,Selangor,Food & Beverage,Outdoor seating,None
G-Pet.com,"Lot 298 Jalan Kota Raja A/27A seksyen 27, Taman Alam Megah, 40400 Shah Alam, Selangor",40400,Seksyen 27,Shah Alam,Selangor,Park,,Pay by entry park
Kheng Chew Kopitiam,"17, Jalan Anggerik Eria AU 31/Au, Seksyen 31, 40460 Shah Alam, Selangor",40460,Bukit Rimau,Shah Alam,Selangor,Food & Beverage,Outdoor seating,None
Restoran 998,"1, Jalan Sungai Burung W 32/W, Bukit Rimau, 40460 Shah Alam, Selangor",40460,Bukit Rimau,Shah Alam,Selangor,Food & Beverage,Outdoor seating,None
Eighteen Cafe,"4-G-1, Rimbun Amverton, Jalan Sungai Kelubi, Jalan 32/112, Seksyen 32, 40460 Shah Alam",40460,Kota Kemuning,Shah Alam,Selangor,Food & Beverage,Outdoor seating,None
Gerai Signature,"No 26, 1, Jalan Anggerik Vanilla BE 31/BE, Kota Kemuning, 40460 Shah Alam, Selangor",40460,Kota Kemuning,Shah Alam,Selangor,Food & Beverage,Indoor seating,None
Gurney Delight,"15G, Jalan Anggerik Vanilla U 31/U, Kota Kemuning, 40460 Shah Alam, Selangor",40460,Kota Kemuning,Shah Alam,Selangor,Food & Beverage,Outdoor seating,None
Orang Orang Hainanese Kopitiam 人人茶室 - Kota Kemuning.,"53-G, Jalan Anggerik Aranda BG 31/BG, Kota Kemuning, 40460 Shah Alam, Selangor",40460,Kota Kemuning,Shah Alam,Selangor,Food & Beverage,Outdoor seating,None
Restoran Jin Xuan Hong Kong @ Kota Kemuning,"Kota Kemuning, 40460 Shah Alam, Selangor",40460,Kota Kemuning,Shah Alam,Selangor,Food & Beverage,Outdoor seating,None
SEN Cafe (Kota Kemuning),"34, Jalan Anggerik Vanilla Z 31/Z, Kota Kemuning, 40460 Shah Alam, Selangor",40460,Kota Kemuning,Shah Alam,Selangor,Food & Beverage,Outdoor seating,None
Sun Lou Wong Chicken Rice,"2, Jalan Anggerik Aranda D 31/D, Kota Kemuning, 40460 Shah Alam, Selangor",40460,Kota Kemuning,Shah Alam,Selangor,Food & Beverage,Outdoor seating,None
YDL Steamboat & Grill,"23, Jalan Anggerik Doritis BB 31/Bb, Kota Kemuning, 40460 Shah Alam, Selangor",40460,Kota Kemuning,Shah Alam,Selangor,Food & Beverage,Outdoor seating,None
Play Klang C³afe,"28, Jalan Raya Timur, Kawasan 1, 41000 Klang, Selangor",41000,Kawasan 1,Klang,Selangor,Food & Beverage,Outdoor seating,None
Restoran Boston Baru,"1E &, 1F, Jalan Kapar, Kawasan 18, 41000 Klang, Selangor",41000,Meru,Klang,Selangor,Food & Beverage,Outdoor seating,None
潮乡故事馆 TeoChew Nang Cafeteria,"1, Jalan Raya Timur, Kawasan 1, 41000 Klang, Selangor",41000,Kawasan 1,Klang,Selangor,Food & Beverage,Outdoor seating,None
Blackstone Bakery Cafe (Jalan Stesen 1),"No 28, Jalan Stesen 1, Kawasan 1, 41000 Klang, Selangor",41000,Jalan Stesen,Klang,Selangor,Food & Beverage,Indoor seating,None
BlackBall Meru Klang,"No 5 Ground Floor , Pelangi Point Lintang Pekan Baru, Off, Jalan Meru, 41050 Klang, Selangor",41050,Meru,Klang,Selangor,Food & Beverage,Outdoor seating,None
Imm Imm mookata (Meru),"2, Jalan Dataran Marvelene, Kawasan 17, 41050 Klang, Selangor",41050,Kawasan 17,Klang,Selangor,Food & Beverage,Outdoor seating,None
Restoran Soon Seng (Bak Kut Teh),"L1 1, 40, Jalan Pekan Baru 36, Kawasan 17, 41050 Klang, Selangor",41050,Meru,Klang,Selangor,Food & Beverage,Outdoor seating,None
Grounded Zone,"No 6, Ground Floor, Jalan Astaka 4C/KU2, Bandar Bukit Raja, 41050 Klang, Selangor",41050,Bandar Bukit Raja,Klang,Selangor,Food & Beverage,Indoor seating,Weekends only
The Woodforest Cafe,"14, Jalan Rodat 3/KU5, Bandar Bukit Raja, 41050 Klang, Selangor",41050,Bandar Bukit Raja,Klang,Selangor,Food & Beverage,Outdoor seating,None
SummerFleurs•Florist | EventDeco | Teahouse,"16, Jalan Astaka 5/KU2, 41050 Shah Alam, Selangor",41050,Bandar Bukit Raja,Shah Alam,Selangor,Food & Beverage,Indoor seating,Reservations required
Hakkee Cafeteria,"174G, Jalan Kepayang, Kawasan 17, 41150 Klang, Selangor",41150,Meru,Klang,Selangor,Food & Beverage,Outdoor seating,None
宝贝厨房. Baobei kitchen,"2, Jalan Gelugor, Kawasan 17, 41150 Klang, Selangor",41150,Meru,Klang,Selangor,Food & Beverage,Outdoor seating,None
Heritage Kopitiam 大马茶室 (Klang),"16, Lorong Lang, Taman Berkeley, 41150 Klang, Selangor",41150,Meru,Klang,Selangor,Food & Beverage,Outdoor seating,None
Ah Her Bak Kut Teh (Botanic),"1, Jalan Ramin 2/KS7, Bandar Botanik, 41200 Klang, Selangor",41200,Bandar Botanik,Klang,Selangor,Food & Beverage,Outdoor seating,None
AN MI Lalapot - Bandar Botanic,"23, Jalan Remia 4/KS6, Bandar Botanik, 41200 Klang, Selangor",41200,Bandar Botanik,Klang,Selangor,Food & Beverage,Outdoor seating,None
Cafe 1986,"87-1, Jalan Mahogani 5, Bandar Botanik, 41200 Klang, Selangor",41200,Bandar Botanik,Klang,Selangor,Food & Beverage,Outdoor seating,Upstairs; Balcony seating
BBQ MA EUL CUP BAB Klang,"52, Lorong Batu Nilam 21B, Bandar Bukit Tinggi 2, 41200 Klang, Selangor",41200,Bandar Bukit Tinggi,Klang,Selangor,Food & Beverage,Outdoor seating,None
Wong Kok Seafood Restaurant 旺角海鲜饭店,"1, Jalan Selampit 21a, Taman Klang Jaya, 41200 Klang, Selangor",41200,Taman Klang Jaya,Klang,Selangor,Food & Beverage,Outdoor seating,None
Xiao Ming Kopitiam | Bukit Tinggi Klang,"B4, 20-0, Lorong Batu Nilam 3e, Bandar Bukit Tinggi, 41200 Port Klang, Selangor",41200,Bandar Bukit Tinggi,Klang,Selangor,Food & Beverage,Outdoor seating,None
百味小碗菜 Bai Wei Mini Bowl Klang,"20, Lorong Batu Nilam 3f, Bandar Bukit Tinggi 1, 41200 Klang, Selangor",41200,Bandar Bukit Tinggi,Klang,Selangor,Food & Beverage,Outdoor seating,None
Blackstone Bakery Cafe (Botanic),"30, Jalan Kasuarina 10, Bandar Botanik, 41200 Klang, Selangor",41200,Bandar Botanik,Klang,Selangor,Food & Beverage,Indoor seating,None
Dou Dou Pet,"46, Jalan Ramin 2, Bandar Botanik, 41200 Klang, Selangor",41200,Bandar Botanik,Klang,Selangor,Food & Beverage,Indoor seating; Outdoor seating,None
Gravit8 @ Klang South,"Jalan Bayu Laut/KS 9, Kota, Bayuemas, 41200 Klang, Selangor",41200,Bayuemas,Klang,Selangor,Park,,None
LEI BOWL,"39G, Jalan Ramin 2, Bandar Botanik, 41200 Klang, Selangor",41200,Bandar Botanik,Klang,Selangor,Food & Beverage,Indoor seating,None
Midoree Matcha,"66-1, Jalan Mahogani 1, Bandar Botanik, 41200 Klang, Selangor",41200,Bandar Botanik,Klang,Selangor,Food & Beverage,Indoor seating,Carrier / Stroller
Monros Coffee,"31A, Jalan Bendahara 45, off, Jalan Sungai Jati, Taman Mewah Baru, 41200 Klang, Selangor",41200,Taman Mewah Baru,Klang,Selangor,Food & Beverage,Indoor seating; Outdoor seating,None
新串串香火锅碌碌 XIN CHUAN CHUAN XIANG LOK LOK,"KS 7, 45, Jalan Ramin 1, Bandar Botanik, 41200 Klang, Selangor",41200,Bandar Botanik,Klang,Selangor,Food & Beverage,Indoor seating,Reservation required
香港仔茶餐厅Hong Kong Style Cafe,"MY Selangor Klang, 34Jalan Mahogani 1/ks7 Bandar Botanik, 41200",41200,Bandar Botanik,Klang,Selangor,Food & Beverage,Indoor seating; Outdoor seating,Indoor seating - small dogs; Outdoor seating - big dogs
Ocean Cafe Klang,"80, Jalan Mahogani 1, Bandar Botanik, 41200 Klang, Selangor",41200,Bandar Botanik,Klang,Selangor,Food & Beverage,Outdoor seating,None
Klang Loh Mee (Sheng Noodle House) 生麵坊,"Persiaran Pulau Pinang, Taman Meru, 41400 Klang, Selangor",41300,Meru,Klang,Selangor,Food & Beverage,Outdoor seating,None
restoran oh kueh chi,"Kawasan 17, 41300 Klang, Selangor",41300,Meru,Klang,Selangor,Food & Beverage,Outdoor seating,None
"The Shepherdoo @ Centro Mall, Klang","Entrance-Forecourt, Centro Mall No 8, Jalan Batu Tiga Lama, 41300 Klang, Selangor",41300,Meru,Klang,Selangor,Food & Beverage,Outdoor seating,None
Batu 8 Kapar Seafood,"162, Batu 8, Jalan Kapar, Selangor, 41400 Kapar",41400,Kapar,Klang,Selangor,Food & Beverage,Outdoor seating,None
Restoran Chow Kiat Bak Kut Teh,"18, Jalan Kapar, Kawasan 18, 41400 Klang, Selangor",41400,Meru,Klang,Selangor,Food & Beverage,Outdoor seating,None
Coconut Flower Seafood Restaurant,"702, Jalan Udang Galah, Kampung Telok Gong, 42000 Pelabuhan Klang, Selangor",42000,Port Klang,Klang,Selangor,Food & Beverage,Outdoor seating,None
Friendship Seafood Restaurant 友谊海鲜楼,"668a, Jalan Pala, Pandamaran, 42000 Pelabuhan Klang, Selangor",42000,Port Klang,Klang,Selangor,Food & Beverage,Outdoor seating,None
No.1 Bagan Hailam Seafood 海南村海鲜烧烤,"Jalan Bagan Hailam, Kawasan Perindustrian Selat Klang Utara, 42000 Pelabuhan Klang, Selangor",42000,Port Klang,Klang,Selangor,Food & Beverage,Outdoor seating,None
Teochew Fatty Aunty Bak Kut Teh,"14, Jln Pendamar, Pandamaran, 42000 Pelabuhan Klang, Selangor",42000,Port Klang,Klang,Selangor,Food & Beverage,Outdoor seating,
Xin Long Bah Kut Teh 新龍肉骨茶,"Jalan Bayu Tinggi 6, Bandar Bukit Tinggi 1, 42000 Klang, Selangor",42000,Bandar Bukit Tinggi,Klang,Selangor,Food & Beverage,Outdoor seating,None
Bandar Botanic Garden,"Jalan Akasia 5, Bandar Botanik, 42000 Pelabuhan Klang, Selangor",42000,Bandar Botanik,Klang,Selangor,Park,,None
L&G Pets Hub,"Pt. 15093, Plot 4, Jalan Langat, Bandar Botanik, 42000 Klang, Selangor",42000,Bandar Botanik,Klang,Selangor,Activity,None,None
Roll Roll Bakehouse,"No 1, Pusat Perniagaan Amber, 25.7, Persiaran Oleander, Gamuda Kemuning, 42500 Telok Panglima Garang, Selangor",42500,Telok Panglima Garang,Klang,Selangor,Food & Beverage,None,None
twentyfive7,"Persiaran Oleander, 42500 Telok Panglima Garang, Selangor",42500,Telok Panglima Garang,Klang,Selangor,Park,,None
Restoran EG Eight 一聚,"2-G, BLOSSOM DRIVE, 3, Jalan Flora 1, Bandar Rimbayu, 42500 Telok Panglima Garang, Selangor",42500,Telok Panglima Garang,Klang,Selangor,Food & Beverage,Outdoor seating,None
"Uncle Don's (Quayside Mall, Kota Kemuning)","GF(W)-08 & GF(W)-09, Kompleks Perniagaan Gamuda Quayside, 42500 Telok Panglima Garang, Selangor",42500,Telok Panglima Garang,Klang,Selangor,Food & Beverage,Outdoor seating,None
K2 Kopitiam,"27, Jalan Aman Sinaria 7, Bandar Tropicana Aman, 42500 Telok Panglima Garang, Selangor",42500,Bandar Tropicana Aman,Telok Panglima Garang,Selangor,Food & Beverage,Outdoor seating,None
Rong Cuisine (榕城佛跳墙),"GF(W)17-19, Quayside Mall, Gamuda Kemuning 25.7, 42500 Telok Panglima Garang, Selangor",42500,Quayside Mall,Telok Panglima Garang,Selangor,Food & Beverage,Outdoor seating,None
Bimba II Cafe,"GF-8, Pusat Perniagaan Amber, 25.7, Persiaran Oleander, Bandar Rimbayu, 42500, Selangor",42500,Bandar Rimbayu,Telok Panglima Garang,Selangor,Food & Beverage,Indoor seating,Only cats allowed
FURIIStyle - Premium Pet Care Center (Twentyfive.7),"Oleander, Lot 1, The Buzzar Twentyfive.7 Sales Property Gallery Lot 43495, Persiaran, 42500, Selangor",42500,twentyfive7,Telok Panglima Garang,Selangor,Grooming,,None
Wong Gu Ma Restaurant (黄姑妈),"No 21-G, Jalan Flora 1/4, Bandar Rimbayu, 42500 Telok Panglima Garang, Selangor",42500,Bandar Rimbayu,Telok Panglima Garang,Selangor,Food & Beverage,Indoor seating,Small breeds only
(肥烈刹肉汤）Restoran Pui Lek,"Jalan Jambu Mawar 1, Taman Sri Jarom, 42600 Jenjarom, Selangor",42600,Jenjarom,Jenjarom,Selangor,Food & Beverage,Indoor seating,None
Fo Guang Shan Dong Zen Temple,"PT2297, Jalan Sungai Buaya, Taman Melati, 42600 Jenjarom, Selangor",42600,Jenjarom,Jenjarom,Selangor,Attraction,None,Diapers 
Bukit Jugra,"Jugra, 42700 Banting, Selangor",42700,Jugra,Banting,Selangor,Hiking,,None
Morib Coconut Grove Banting,"149, Jalan Morib Jalan Sekolah Ugama, Kg Kanchong Laut, 42700, 42700 Banting, Selangor",42700,Tanjong Sepat,Tanjong Sepat,Selangor,Pet friendly stay,,None
Pantai Kampung Endah,"Kampung Endah, 42700 Banting, Selangor",42700,Tanjong Sepat,Tanjong Sepat,Selangor,Beach,,Location: Golden Sea Restaurant - restaurant is not pet friendly
Ganofarm Leisure & Homestay,"700, Jalan Laut Membiru, Taman Pelangi, 42800 Tanjong Sepat, Selangor",42800,Tanjong Sepat,Tanjong Sepat,Selangor,Pet friendly stay,,None
Harboside Restaurant （乡村港边刹肉）,"Pekan Tanjung Sepat, 42800 Tanjong Sepat, Selangor",42800,Tanjong Sepat,Tanjong Sepat,Selangor,Food & Beverage,Indoor seating,None
Kwo Zha B Coffee 古早味咖啡粉,"No. 15, Medan Selera, Lorong 3, 42800 Tanjong Sepat, Selangor",42800,Tanjong Sepat,Tanjong Sepat,Selangor,Food & Beverage,Indoor seating,Only when not many customers and small breeds only
Restaurant Fish Village,"21, Jalan Senangin 1, Taman Tanjung, 42800 Tanjong Sepat, Selangor",42800,Tanjong Sepat,Tanjong Sepat,Selangor,Food & Beverage,Indoor seating,None
Tanjung Sepat Ocean Seafood Restaurant （海洋海鲜餐馆）,"No. 522, Lorong 2, Jalan, 3, Pekan Tanjung Sepat, 42800 Tanjong Sepat, Selangor",42800,Tanjong Sepat,Tanjong Sepat,Selangor,Food & Beverage,Indoor seating,None
Yikee Seafood Bak Kut Teh,"No.5, 7 & 9, Pusat Perniagaan Tanjong, Lorong Pasar 1, Jalan Besar, 42800 Tanjong Sepat, Selangor",42800,Tanjong Sepat,Tanjong Sepat,Selangor,Food & Beverage,Indoor seating,None
Restoran Kia Hiong Haun 佳香园,"A, 3, Jalan Besar, 42940 Pulau Ketam, Selangor",42940,Pulau Ketam,Klang,Selangor,Food & Beverage,Outdoor seating,None
BGC Cafe 大啡猫,"Dataran Jade, 39-1, Jln Dataran Jade 4, Jade Hills, 43000 Kajang, Selangor",43000,Jade Hills,Kajang,Selangor,Food & Beverage,Outdoor seating,None
Kedai Makanan Wan Fatt 万发海鲜饭店,"Temple Bangunan Tin Hong See, Jalan Mendaling, Bandar Kajang, 43000 Kajang, Selangor",43000,Bandar Kajang,Kajang,Selangor,Food & Beverage,Outdoor seating,None
萧家辣汤 Restaurant Siaw Kah,"17G, Jalan Kajang Indah 1, Taman Kajang Indah, 43000 Kajang, Selangor",43000,Taman Kajang Indah,Kajang,Selangor,Food & Beverage,Outdoor seating,None
Nyonya Kopitiam - Sungai Chua,"275, Jalan Berjaya 9, Sungai Chua, 43000 Kajang, Selangor",43000,Sungai Chua,Kajang,Selangor,Food & Beverage,Indoor seating,None
Origami Park,"Persiaran Jade Hills Utama, Jade Hills, 43000 Kajang, Selangor",43000,Jade Hills,Kajang,Selangor,Park,,None
"唐人街美食坊, Jade Hills","25-1 & 27-1, Jalan Dataran Jade 1, Jade Square, Jade Hills, 43000 Kajang, Selangor",43000,Jade Hills,Kajang,Selangor,Food & Beverage,Outdoor seating,None
阿六辣汤Restoran AhLiu Spicy Soup,"Jalan Dataran Jade 1, Jade Hills, 43000 Kajang, Selangor",43000,Jade Hills,Kajang,Selangor,Food & Beverage,Outdoor seating,None
Souled Garden Restaurant & Bar Taman Equine,"No. 25, Jalan Equine 9, Taman Equine, Pusat Bandar Putra Permai, 43000 Seri Kembangan, Selangor",43000,Taman Equine,Seri Kembangan,Selangor,Food & Beverage,Outdoor seating,None
Hacienda Hermosa,"Jalan Sungai Lui, 43100 Hulu Langat, Selangor",43100,Hulu Langat,Hulu Langat,Selangor,Camping,None,None
Rimba Bikerz Campsite,"43100 Hulu Langat, Selangor",43100,Hulu Langat,Hulu Langat,Selangor,Camping,None,None
Sea of clouds Hulu Langat.云海营,"43100 Hulu Langat, Selangor",43100,Hulu Langat,Hulu Langat,Selangor,Camping,None,None
Water View Thai Restaurant 中泰式水上餐厅,"1625, Jalan Sungai Tekali, 43100 Hulu Langat, Selangor",43100,Hulu Langat,Hulu Langat,Selangor,Food & Beverage,Outdoor seating,None
"Bbq Golmok C180, Cheras","A-1-G, Jalan C180/1, Dataran C180, 43200 Cheras, Selangor",43200,Balakong,Cheras,Selangor,Food & Beverage,Outdoor seating,None
Nine percent cafe,"No:16G, Jalan Temenggung25/9, Bandar Mahkota Cheras, 43200 Cheras, Selangor",43200,Mahkota Cheras,Cheras,Selangor,Food & Beverage,Outdoor seating,None
Don Dwae Ji Sam Gyeob Sal (BBQ Buffet),"D-60-UG, Jalan C180/1, 43200 Cheras, Selangor",43200,Balakong,Cheras,Selangor,Food & Beverage,Outdoor seating,None
Restoran Yuan's Hainanese & Western,"No. 19 & 21, Jalan Temenggung 23/9, Bandar Mahkota Cheras, 43200 Cheras, Selangor",43200,Mahkota Cheras,Cheras,Selangor,Food & Beverage,Outdoor seating,None
SK Group Food & Beverage Sdn Bhd,"69, Jalan Temenggung 3/9, Bandar Mahkota Cheras, 43200 Cheras, Selangor",43200,Mahkota Cheras,Cheras,Selangor,Food & Beverage,Outdoor seating,None
品香肉骨茶专卖店Banheongbakkutteh,"15g, Jalan Temenggung 29/9, Bandar Mahkota Cheras, 43200 Kajang, Selangor",43200,Mahkota Cheras,Cheras,Selangor,Food & Beverage,Outdoor seating,None
Cha Se Yan Yu,"133G, Jalan Dataran Cheras 8 Dataran Perniagaan Cheras Balakong, Balakong, 43200 Cheras, Selangor",43200,Balakong,Cheras,Selangor,Food & Beverage,Indoor seating,Carrier / Stroller
Chiru Cheras / Chic Cafe,"117, Jalan Dataran Cheras 8, 43200 Cheras, Selangor",43200,Balakong,Cheras,Selangor,Food & Beverage,Indoor seating,Carrier / Stroller
Secret Loc Cafe,"No.1-G, Jalan Tengah Cheras Selatan 118, 43200 Cheras, Selangor",43200,Balakong,Cheras,Selangor,Food & Beverage,Outdoor seating,None
南洋冰室 NANYANG CAFE @ CTS,"MY Selangor Kajang Cheras Balakong, 20-G, Jalan Dataran Cheras 2, Cheras Traders Square43200",43200,Balakong,Cheras,Selangor,Food & Beverage,Outdoor seating,None
Bamboo Village Kuala Lumpur,"Jalan Desa Pelangi, 43200 Hulu Langat, Selangor",43200,Hulu Langat,Hulu Langat,Selangor,Pet friendly stay; Camping,None,None
Sungai Long Hill,"Persiaran SL 7a, 43200 Kajang, Selangor",43200,Sungai Long,Kajang,Selangor,Hiking,,None
Tea X Hub,"6, Jalan CJ 1/2, Kawasan Perindustrian Cheras Jaya, 43200 Seri Kembangan, Selangor",43200,Seri Kembangan,Seri Kembangan,Selangor,Food & Beverage,Outdoor seating,None
Bili Bili Garden Bar,"Lot 33126, Kampung Baru Balakong, 43300 Balakong, Selangor",43300,Balakong,Cheras,Selangor,Food & Beverage,Outdoor seating,None
Day 9 Kitchen Cafe 明明,"3-1, Jalan Equine 10B, Taman Equine, 43300 Seri Kembangan, Selangor",43300,Taman Equine,Seri Kembangan,Selangor,Food & Beverage,Outdoor seating,None
Meet me restaurant,"A-G-12 & A-G-13 , jalan 14/2 taman perindustrian bukit serdang, Taman Bukit Serdang, 43300 Seri Kembangan, Selangor",43300,Taman Bukit Serdang,Seri Kembangan,Selangor,Food & Beverage,Outdoor seating,None
Croutons Cafe By Gourmet Seductions,"23, Jalan Dagang SB 4/3, Taman Sungai Besi Indah, 43300 Seri Kembangan, Selangor",43300,Seri Kembangan,Seri Kembangan,Selangor,Food & Beverage,Indoor seating; Outdoor seating,Carrier / Stroller
Furrito Haus Cafe & Pet Mart,"27, Jalan Equine 10, Taman Equine, 43300 Seri Kembangan, Selangor",43300,Taman Equine,Seri Kembangan,Selangor,Food & Beverage,Indoor seating,None
Kam Yat Restaurant 金壹私房菜,"21, Jalan PSK 6, Pusat Perdagangan Seri Kembangan, 43300 Seri Kembangan, Selangor",43300,Seri Kembangan,Seri Kembangan,Selangor,Food & Beverage,Indoor seating,Carrier / Stroller
品串客栈,"No.13-1, Dataran Mutiara, Jalan 7/4, Taman Serdang Jaya, 43300 Seri Kembangan, Selangor.",43300,Seri Kembangan,Seri Kembangan,Selangor,Food & Beverage,Indoor seating,Upstairs
晶美点心 Jing Mei Dim Sum,"31, Jalan PSK 6, Pusat Perdagangan Seri Kembangan, 43300 Seri Kembangan, Selangor",43300,Seri Kembangan,Seri Kembangan,Selangor,Food & Beverage,Indoor seating,None
男朋友餐厅 花胶美颜火锅&点心冰室 Restoran Nan Peng You,"3, Jalan Mawar, Seksyen 10, Taman Perindustrian Bukit Serdang, 43300 Seri Kembangan, Selangor",43300,Serdang,Seri Kembangan,Selangor,Food & Beverage,Indoor seating; Outdoor seating,None
品优亭 EQUINE,"1-1, Jln Equine 1E, Taman Equine, 43300 Seri Kembangan, Selangor",43300,Taman Equine,Seri Kembangan,Selangor,Food & Beverage,Outdoor seating,Upstairs
Herbaland Seafood Restaurant,"LOT 5371 (CRYT B2 A9, Jalan Broga, BROGA HILL, 43500 Semenyih, Selangor",43500,Broga,Semenyih,Selangor,Food & Beverage,Outdoor seating,None
Asli Farm Resort,"Lot1356, Stor Kampung Orang Asli Ulu Semenyih, 43500, Selangor",43500,Broga,Semenyih,Selangor,Camping,,None
Cibabond,"12-2, Jalan Eco Forest 6/1c, Eco Forest Semenyih, 43500 Selangor, Semenyih, Malaysia",43500,Broga,Semenyih,Selangor,Activity,,Art & craft
Ostrich Wonderland Semenyih,"Lot, 485, Jalan Sungai Lalang, 43500 Semenyih, Selangor",43500,Broga,Semenyih,Selangor,Attraction,,None
Restoran Kari Ikan Liew,"Jalan Broga, 43500 Semenyih, Selangor",43500,Broga,Semenyih,Selangor,Food & Beverage,Outdoor seating,None
Semenyih Fish Valley Restaurant,"Sri Haneco Industrial Park, Jalan Kachau Jalan Kachau PT, 16367 Semenyih, Selangor",43500,Broga,Semenyih,Selangor,Food & Beverage,Outdoor seating,None
疯烧 Feng Shao,"1, Jalan Hiew Piow 6, Taman Hiew Piow, 43500 Semenyih, Selangor",43500,Broga,Semenyih,Selangor,Food & Beverage,Outdoor seating,None
日夜香咖啡店 Sun & Moon Coffee Shop,"Lot 442 SEKSYEN 1 ,JALAN PASAR 43950 ,SLEANGOR, Sungai Pelek, SUNGAI PELEK, 43950 Sungai Pelek, Selangor",43950,Sungai Pelek,Sungai Pelek,Selangor,Food & Beverage,Outdoor seating,None
Campenture @ Kerling,"JJ86+CQ, 44000 Kerling, Selangor",44000,Kerling,Hulu Selangor,Selangor,Camping,,None
Kuala Kubu Baru Wind Valley Camping Site 新古毛风之谷露营地,"KKB Wind Valley, 44000 Kuala Kubu Bharu, Selangor",44000,Kuala Kubu Baru,Hulu Selangor,Selangor,Camping,,None
Kerling Happy Farm Home,"JJ64+5R, 44000 Kerling, Selangor",44000,Kerling,Kerling,Selangor,Camping,,None
Kedai Makan Kheng Yuen Lee,"1919, Jalan Gap-Bukit Fraser, Bukit Fraser, 44000 Kuala Kubu Baru, Selangor",44000,Fraser's Hill,Kuala Kubu Baru,Selangor,Food & Beverage,Outdoor seating,None
Summer Summer Farm,"Lot 1768, Kampung Hulu Rening, 44200 Mukim Rasa, Selangor",44200,Rasa,Hulu Selangor,Selangor,Camping,,None
333 Kopitiam,"No. 55, Jalan Besar, Hulu Yam Bharu, 44300 Batang Kali, Selangor",44300,Ulu Yam,Batang Kali,Selangor,Food & Beverage,Outdoor seating,None
Hock Choon Kee Coffee Shop & Restaurant,"Hulu Yam Lama, 44300, Selangor",44300,Ulu Yam,Batang Kali,Selangor,Food & Beverage,Outdoor seating,None
2K Hotspring campsite,"Ulu Kalong, 2K Hotspring campsite, Ladang Bundora, Jalan, Jalan Kampung Ulu Kalong, Hulu Yam Bharu, 44300 Batang Kali, Selangor",44300,Ulu Yam,Batang Kali,Selangor,Camping,,None
Abah Legacy Sendat Camp,"Jalan Kampung Orang Asli Kampung Gurney, Kampung Orang Asli Gurney, 44300 Ulu Yam, Selangor, Malaysia, Ulu Yam Baharu, Malaysia",44300,Ulu Yam,Batang Kali,Selangor,Camping,,Call in advance
Hoho Farm,"29, Jalan Patin 2, Taman Desa Patin, 44300 Batang Kali, Selangor",44300,Ulu Yam,Batang Kali,Selangor,Pet friendly stay,,None
World of Phalaenopsis | Ulu Yam,"1017, Jalan Batang Kali - Hulu Yam Bharu, Kampung Sungai Kamin, 44300 Batang Kali, Selangor",44300,Ulu Yam,Batang Kali,Selangor,Attraction,,Call in advance
Kebun Cafe,"29, Jalan Patin 2, Taman Patin, Hulu Yam Lama, 44300 Batang Kali, Selangor",44300,Ulu Yam,Batang Kali,Selangor,Food & Beverage,Outdoor seating,None
Swee Yen Restaurant,"No. 38 Jalan Besar, Hulu Yam Lama, 44300 Batang Kali, Selangor",44300,Ulu Yam,Batang Kali,Selangor,Food & Beverage,Outdoor seating,None
Kedai Makanan Laut Hai Ung 海运海鲜楼,"A4, bagan sungai Yu, Pasir Penambang, 45000 Kuala Selangor, Selangor",45000,Pasir Penambang,Kuala Selangor,Selangor,Food & Beverage,Indoor seating,Carrier / Stroller
Route Five Cafe 五号公路咖啡馆,"77, Jalan Bagan Sungai Yu 77, Pasir Penambang, 45000 Kuala Selangor, Selangor",45000,Pasir Penambang,Kuala Selangor,Selangor,Food & Beverage,Indoor seating,Carrier / Stroller
HOME TOWN FLAVOR KITCHEN,"PT 7138, Jalan Panchang Bedena, Bagan Sungai Besar, 45300 Sungai Besar, Selangor",45300,Sungai Besar,Sabak Bernam,Selangor,Food & Beverage,Outdoor seating,None
Golden Flower Sekinchan Homestay,"43, Jalan Indah 4, Taman Indah, 45400 Sekinchan, Selangor",45300,Sekinchan,Sabak Bernam,Selangor,Pet friendly stay,,None
N.16 拾綠號,"Jalan Tali Air 4 Tanjung Karang, Tanjong Karang, Malaysia",45400,Tanjong Karang,Kuala Selangor,Selangor,Food & Beverage,Outdoor seating,None
Hay!,"3°31'35.5""N 101°08'14.0""E, 45400 Sekinchan, Selangor",45400,Sekinchan,Sabak Bernam,Selangor,Food & Beverage,Outdoor seating,None
Loong Hua Seafood Restaurant,"73, Lor 3, Pekan Sekinchan, 45400 Sekinchan, Selangor",45400,Sekinchan,Sabak Bernam,Selangor,Food & Beverage,Indoor seating,Carrier / Stroller
Wai Jia Restaurant,"Jalan Bagan, 118, Lorong 4, Taman Sekinchan Jaya, 45400 Sekinchan, Selangor",45400,Sekinchan,Sabak Bernam,Selangor,Food & Beverage,Outdoor seating,None
Restoran Sahabat Makanan Laut 友谊海鲜饭店,"35, Jalan Bagan Pasir, Bagan Pasir, 45500 Tanjong Karang, Selangor",45500,Tanjong Karang,Kuala Selangor,Selangor,Food & Beverage,Indoor seating,Carrier / Stroller
鄉景河边海鲜楼RESTORAN MAKANAN LAUT RIVERSIDE,"MY Selangor TANJONG KARANG 51,BAGAN, 45500 Tanjong Karang",45500,Tanjong Karang,Kuala Selangor,Selangor,Food & Beverage,Indoor seating,Carrier / Stroller
Sungai Janggut Seafood Restaurant,"16 batu 15, Jalan Bagan Sungai Janggut, Jeram, 45800 Jeram, Selangor",45800,Sungai Janggut,Jeram,Selangor,Food & Beverage,Indoor seating,None
Grandma Restaurant,"631/B, Jalan Tokong, Kampung Bagan Sungai Buloh, Jalan Klang - Teluk Intan, Sungai Buloh, 45800 Jeram, Selangor",45800,Jeram,Kuala Selangor,Selangor,Food & Beverage,Indoor seating,None
Janggut Riverside Rest House & Cafe,"Jalan Bagan Sungai Janggut, Kampung Sungai Janggut, 45800 Jeram, Selangor",45800,Sungai Janggut,Kuala Selangor,Selangor,Pet friendly stay,,None
Wave Rest House & Cafe,"Jalan Bagan Sungai Janggut, Kampung Sungai Janggut, 45800 Kapar, Selangor",45800,Sungai Janggut,Kuala Selangor,Selangor,Pet friendly stay,,None
1977 New Ipoh Chicken Rice 新怡保鸡饭店,"107, Jalan Gasing, Seksyen 10, 46000 Petaling Jaya, Selangor",46000,Bukit Gasing,Petaling Jaya,Selangor,Food & Beverage,Outdoor seating,None
Masala Wheels,"4, Jalan 1/3, Seksyen 1, 46000 Petaling Jaya, Selangor",46000,Seksyen 1,Petaling Jaya,Selangor,Food & Beverage,Outdoor seating,None
Ng Big Dumpling,"27, Jalan Pasar 1/21, 46000 Petaling Jaya, Selangor",46000,PJ Old Town,Petaling Jaya,Selangor,Food & Beverage,Outdoor seating,None
Single Dose Coffee,"Single Dose Coffee, 1, Lorong 1/10a, Seksyen 1, 46000 Petaling Jaya, Selangor",46000,Seksyen 1,Petaling Jaya,Selangor,Food & Beverage,Outdoor seating,
Cafe 123 Gasing,"123, Jalan Gasing, Seksyen 10, 46000 Petaling Jaya, Selangor",46000,Bukit Gasing,Petaling Jaya,Selangor,Food & Beverage,Indoor seating,Carrier / Stroller; Well-behaved pets
Ssavoury,"2, Jalan Kilang 51/206, Seksyen 51, 46050 Petaling Jaya, Selangor",46050,Seksyen 51,Petaling Jaya,Selangor,Food & Beverage,Indoor seating,Carrier / Stroller
RAYs B.LAND,"Lot 8, B.LAND, 2, Jalan 51a/225, Seksyen 51a, 46100 Petaling Jaya, Selangor",46100,Seksyen 51a,Petaling Jaya,Selangor,Food & Beverage,Outdoor seating,None
Simply by DaYork,"12b, Jalan 14/20, Seksyen 14, 46100 Petaling Jaya, Selangor",46100,Seksyen 14,Petaling Jaya,Selangor,Food & Beverage,Indoor seating,Upstairs
Fluffed Cafe @ Sunway Mentari,"28, Jalan PJS 8/4, PJS 8, Sunway Mentari, 46150 Petaling Jaya, Selangor",46150,Sunway Mentari,Petaling Jaya,Selangor,Food & Beverage,Outdoor seating,None
宝煲 Claypot Dining,"16, Jalan PJS 8/6, Sunway Mentari, 46150 Petaling Jaya, Selangor",46150,Sunway Mentari,Petaling Jaya,Selangor,Food & Beverage,Indoor seating,Carrier / Stroller required
Beer Garage Bandar Sunway,"No 2, Jalan PJS 11/14, Bandar Sunway, 46150 Petaling Jaya, Selangor",46150,Sunway,Sunway,Selangor,Food & Beverage,Outdoor seating,None
Xplofee,"1, Lorong PJS 7/15e, Bandar Sunway, 46150 Petaling Jaya, Selangor",46150,Sunway,Sunway,Selangor,Food & Beverage,Indoor seating,None
Sui Mak Mak Mookata,"3A (G Floor, Dataran Mentari, Jalan PJS 8/12a, Bandar Sunway, 46150 Petaling Jaya, Selangor",46150,Sunway,Sunway,Selangor,Food & Beverage,Outdoor seating,None
Yellow Bear Cafe,"Lot 100-G.041A, Ground Floor, Block J, The School @ Jaya One, 72A, Jln Profesor Diraja Ungku Aziz, Pjs 13, 46200 Petaling Jaya, Selangor",46200,Jaya One,Petaling Jaya,Selangor,Food & Beverage,Indoor seating,None
Coffeeboy Club,"Lot 15, Coffeeboy Club, 13, Jalan 13/6, Seksyen 13, 46200 Petaling Jaya, Selangor",46200,Seksyen 13,Petaling Jaya,Selangor,Food & Beverage,Outdoor seating,None
HALO,"Lot 15 -3B, The Gasket Alley, 13, Jalan 13/6, Seksyen 13, 46200 Petaling Jaya, Selangor",46200,Seksyen 13,Petaling Jaya,Selangor,Food & Beverage,Outdoor seating,Pet meals available
Kings Hall Cafe,"5, Jalan 13/2, Pjs 13, 46200 Petaling Jaya, Selangor",46200,Seksyen 13,Petaling Jaya,Selangor,Food & Beverage,Outdoor seating,None
Ah Ma Kitchen @ Jaya One,"100-P1043, Level P1, The School Jaya One, No 72A, Jalan Universiti, 46200 Petaling Jaya, Selangor",46200,Jaya One,Petaling Jaya,Selangor,Food & Beverage,Indoor seating,None
"Kam Heong Coffee Shop , Kam Heong Braised Duck","8, Jalan Tengah, Bandar Baru Petaling Jaya, 46200 Petaling Jaya, Selangor",46200,PJ New Town,Petaling Jaya,Selangor,Food & Beverage,Outdoor seating,None
Gatherwell Hainan Coffee @ Jaya One 聚得好海南茶,"Lot 100-G.013 Block J, The School Jaya One, Pjs 13, 46200 Petaling Jaya, Selangor",46200,Jaya One,Petaling Jaya,Selangor,Food & Beverage,Indoor seating,None
Godubab Korean Restaurant,"100-P2.045,Block J, The School, Jaya One No.72A, Jalan Universiti Godubab Cafe Jayaone mall, P2, 46200 Petaling Jaya, Selangor",46200,Jaya One,Petaling Jaya,Selangor,Food & Beverage,Indoor seating,None
IPPUDO Jaya One,"Jaya One, Lot G.002, The Square, 72A, Jalan Profesor Diraja Ungku Aziz, 46200 Petaling Jaya, Selangor",46200,Jaya One,Petaling Jaya,Selangor,Food & Beverage,Indoor seating; Outdoor seating,None
MeTime BookCafe,"1.010b ,Level 1, Jaya One, The square, Jalan Profesor Diraja Ungku Aziz, Seksyen 13, 46200 Petaling Jaya, Selangor",46200,Jaya One,Petaling Jaya,Selangor,Activity,Book cafe,Well behave furkids only
Ollie & Hana Puppy Nursery (Jaya One),"Lot 100-G.041A, Ground Floor Block J, The School @ Jaya One, 72A, Jln Profesor Diraja Ungku Aziz, Pjs 13, 46200 Petaling Jaya, Selangor",46200,Jaya One,Petaling Jaya,Selangor,Food & Beverage; Grooming; Playground,Indoor seating,None
Tomachi,"The Square, G.015, Jaya One, 46200 Petaling Jaya, Selangor",46200,Jaya One,Petaling Jaya,Selangor,Food & Beverage,Outdoor seating,None
Xiao Ming KopiTiam (Jaya One PJ) 小明冰室,"31-LG1, Block C, Jaya One, Jalan Profesor Diraja Ungku Aziz, Seksyen 13, 46200 Petaling Jaya, Selangor",46200,Jaya One,Petaling Jaya,Selangor,Food & Beverage,Indoor seating,None
YDT Dessert 苦中一点甜 (糖水铺),"10, Jalan Tengah, Bandar Baru Petaling Jaya, 46200 Petaling Jaya, Selangor",46200,PJ New Town,Petaling Jaya,Selangor,Food & Beverage,Indoor seating,None
La Chica Mexican Grill PJ,"G.017 & G.018, The Square, Jaya One, 72A, Jln Profesor Diraja Ungku Aziz, Seksyen 13, 46200 Petaling Jaya, Selangor",46200,Jaya One,Petaling Jaya,Selangor,Food & Beverage,Outdoor seating,None
Lammeeya at The School Jaya One Unit G21,"100-G21, The School Jaya One, 72A, Jalan Profesor Diraja Ungku Aziz, 46200 Petaling Jaya, Selangor",46200,Jaya One,Petaling Jaya,Selangor,Food & Beverage,Outdoor seating,Inside Jaya One Mall
Rockafellers Petaling Jaya - Jaya One,"G.001, The Square, Jaya One No. 72A, Jalan Prof Diraja, Jalan Profesor Diraja Ungku Aziz, 46200 Petaling Jaya, Selangor",46200,Jaya One,Petaling Jaya,Selangor,Food & Beverage,Outdoor seating,None
Sae Ma Eul BBQ Jaya One,"Jalan Profesor Diraja Ungku Aziz, Seksyen 13, 46200 Petaling Jaya, Selangor",46200,Jaya One,Petaling Jaya,Selangor,Food & Beverage,Outdoor seating,None
Three Stooges Jaya One,"The Square, Jaya One, 46200 Petaling Jaya, Selangor",46200,Jaya One,Petaling Jaya,Selangor,Food & Beverage,Outdoor seating,None
Tommy Thongchai,"The Square, G.005, Jaya One, 46200 Petaling Jaya, Selangor",46200,Jaya One,Petaling Jaya,Selangor,Food & Beverage,Outdoor seating,None
Unwind Cafe & Bistro,"100-G.003, 72A, Jln Profesor Diraja Ungku Aziz, Pjs 13, 46200 Petaling Jaya, Selangor",46200,Jaya One,Petaling Jaya,Selangor,Food & Beverage,Outdoor seating,None
Yakitori Syokudo Yae 食堂やえ 炭焼き 酒処,"65-G, Block D, Jaya One, 72A, Jalan Profesor Diraja Ungku Aziz, Seksyen 13, 46200 Petaling Jaya, Selangor",46200,Jaya One,Petaling Jaya,Selangor,Food & Beverage,Outdoor seating,None
上海大大馄饨Shanghai Da Da Huntun,"Level P1, The School Jaya One, No 72A, Jalan Universiti, 46200 Petaling Jaya, Selangor",46200,Jaya One,Petaling Jaya,Selangor,Food & Beverage,Outdoor seating,None
Du.Jour Dining & Café,"B-G-01 & B-M-01 The Hub SS2, Jalan Harapan, Seksyen 19, 46300 Petaling Jaya, Selangor",46300,Seksyen 19 / SS2 Hub,Petaling Jaya,Selangor,Food & Beverage,Outdoor seating,None
Flakes (The Hub SS2),"B-G-06, The Hub SS2, 19 Sentral, Jalan Harapan, Seksyen 19, 46300 Petaling Jaya, Selangor",46300,Seksyen 19 / SS2 Hub,Petaling Jaya,Selangor,Food & Beverage,Outdoor seating,None
Fluffed Cafe @ Taman Paramount,"55, Jalan 20/7, Taman Paramount, 46300 Petaling Jaya, Selangor",46300,Taman Paramount,Petaling Jaya,Selangor,Food & Beverage,Outdoor seating,None
Hua Xin Dessert,"L1 - 04, Level 1, New Ocean World Fine Food City, 15, Jalan 19/1, Seksyen 19, 46300 Petaling Jaya, Selangor",46300,Seksyen 19,Petaling Jaya,Selangor,Food & Beverage,Outdoor seating,None
270sqft,"27, Jalan 21/1, Sea Park, 46300 Petaling Jaya, Selangor",46300,Sea Park,Petaling Jaya,Selangor,Food & Beverage,Indoor seating,Reservations required
Awegallery,"21, Jalan 20/13, Taman Paramount, 46300 Petaling Jaya, Selangor",46300,Taman Paramount,Petaling Jaya,Selangor,Event space,,None
Awesome Canteen,"19, Jalan 20/13, Taman Paramount, 46300 Petaling Jaya, Selangor",46300,Taman Paramount,Petaling Jaya,Selangor,Food & Beverage,Indoor seating,Reservations required
Half & Hāfu,"Lot B-1-05, First Floor, The Hub SS2 Retail Office, 19 Sentral, Jalan Harapan, Seksyen 19",46300,Seksyen 19 / SS2 Hub,Petaling Jaya,Selangor,Activity,Hair salon; Coffee bar,Upstairs
JioSpace,"Lot 1, Jalan 19/1b, Seksyen 19, 46300 Petaling Jaya, Selangor",46300,Seksyen 19 / JioSpace,Petaling Jaya,Selangor,Event space,,None
Konnichiwa The Hub SS2,"B-G-03A, Jalan Harapan, Seksyen 19, 46300 Petaling Jaya, Selangor",46300,Seksyen 19 / SS2 Hub,Petaling Jaya,Selangor,Food & Beverage,Outdoor seating,None
Kooky Cream @ The Hub SS2,"Lot A-G-02 The Hub SS2 19 Sentral, Jalan Harapan, Seksyen 19, 46300 Petaling Jaya, Selangor",46300,Seksyen 19 / SS2 Hub,Petaling Jaya,Selangor,Food & Beverage,Outdoor seating,None
Taiwanese House 臺式老屋 @ PJ Taman Paramount,"41, Jalan 20/7, Taman Paramount, 46300 Petaling Jaya, Selangor",46300,Taman Paramount,Petaling Jaya,Selangor,Food & Beverage,Indoor seating,None
Ucca.柚见,"5,Jalan 19/29,46300 Petaling jaya,selangor Petaling jaya, 46300 Selangor",46300,Seksyen 19,Petaling Jaya,Selangor,Food & Beverage,Indoor seating,Vegetarian
Zǎo - Breakfast Anytime,"50, Jalan 19/3, Seksyen 19",46300,Seksyen 19 / SS2 Hub,Petaling Jaya,Selangor,Food & Beverage,Indoor seating,None
Meat Feds by Chef Yenni Law,"7, Jalan 20/13, Taman Paramount, 46300 Petaling Jaya, Selangor",46300,Taman Paramount,Petaling Jaya,Selangor,Food & Beverage,Outdoor seating,Reservations required
Mei by Fat Spoon (The Hub SS2),"B-G-05 The Hub SS2 19 Sentral, Jalan Harapan, Section 19",46300,Seksyen 19 / SS2 Hub,Petaling Jaya,Selangor,Food & Beverage,Outdoor seating,None
PsYCHoTiC OPeRAToR (WiNe SPaCe),"7, Jalan 20/13, Taman Paramount, 46300 Petaling Jaya, Selangor",46300,Taman Paramount,Petaling Jaya,Selangor,Food & Beverage,Outdoor seating,Reservation required
Softsrve Ice Cream & Dessert Bar (Seapark),"5, Jalan 21/11a, Sea Park, 46300 Petaling Jaya, Selangor",46300,Sea Park,Petaling Jaya,Selangor,Food & Beverage,Outdoor seating,None
The Ding’s,"2nd FLOOR, Lot C-M2-02, BLOCK C, The HUB SS2, MEZZANINE, Jalan Harapan, Seksyen 19, 46300 Petaling Jaya, Selangor",46300,Seksyen 19 / SS2 Hub,Petaling Jaya,Selangor,Food & Beverage,Outdoor seating,Upstairs
WineLust @ Jiospace,"Outlet 3&6, LOT 1, Jalan 19/1b, Seksyen 19, 46300 Petaling Jaya, Selangor",46300,Seksyen 19 / JioSpace,Petaling Jaya,Selangor,Food & Beverage,Outdoor seating,None
WOWNANA,"Outlet 11 Jiospace, Lot 1, Jalan 19/1b, Seksyen 19, 46300 Petaling Jaya, Selangor",46300,Seksyen 19 / JioSpace,Petaling Jaya,Selangor,Food & Beverage,Outdoor seating,None
海脚人 Hai Kah Lang PJ Seapark,"36, Jalan 21/12, Sea Park, 46300 Petaling Jaya, Selangor",46300,Sea Park,Petaling Jaya,Selangor,Food & Beverage,Outdoor seating,None
Ah Wong Office,"20, Jalan 17/1a, Seksyen 17, 46400 Petaling Jaya, Selangor",46400,Sekyen 17,Petaling Jaya,Selangor,Food & Beverage,Outdoor seating,
Bistro à Table,"6, Jalan 17/54, Seksyen 17, 46400 Petaling Jaya, Selangor",46400,Seksyen 17,Petaling Jaya,Selangor,Food & Beverage,Outdoor seating,None
Good Blue Men,"AG-01, Ground Floor,Block A, Happy Mansion, Jalan 17/13, Seksyen 17, 46400 Petaling Jaya, Selangor",46400,Happy Mansion,Petaling Jaya,Selangor,Food & Beverage,Outdoor seating,None
Hideaway Cafe,"AG7, Block A Happy Mansion Section, 17, Jalan 17/13, 46400 Petaling Jaya, Selangor",46400,Happy Mansion,Petaling Jaya,Selangor,Food & Beverage,Outdoor seating,Carrier / Stroller; Well-behaved pets
Jane's Nem (Happy Mansion),"Happy Mansion, AG5, Block A, Jalan 17/13, 46400 Petaling Jaya, Selangor",46400,Happy Mansion,Petaling Jaya,Selangor,Food & Beverage,Outdoor seating,None
Floratorie.co,"1075A, Jalan 17/27, Taman Gembira, 46400 Petaling Jaya, Selangor",46400,Seksyen 17,Petaling Jaya,Selangor,Food & Beverage,Indoor seating; Florist,Carrier / Stroller; Upstairs
Pohutukawa Coffee,"1075A, Jalan 17/27, Taman Gembira, 46400 Petaling Jaya, Selangor",46400,Sekyen 17,Petaling Jaya,Selangor,Food & Beverage,Indoor seating,Upstairs
Round Pizza Napoletana,"Happy Mansion, BG8, Block B, Jalan 17/13, Seksyen 17, 46400 Petaling Jaya, Selangor",46400,Happy Mansion,Petaling Jaya,Selangor,Food & Beverage,Indoor seating,None
Omulab,"7, Jalan 17/45, Seksyen 17",46400,Seksyen 17,Petaling Jaya,Selangor,Food & Beverage,Outdoor seating,None
Restoran Choon Yien,"CG - 1, Jalan 17/13, Happy Mansion, 46400 Petaling Jaya, Selangor",46400,Happy Mansion,Petaling Jaya,Selangor,Food & Beverage,Outdoor seating,None
SISTARS KITCHEN,"CG5, Happy Mansion, Block C, Jalan 17/13, 46400 Petaling Jaya, Selangor",46400,Happy Mansion,Petaling Jaya,Selangor,Food & Beverage,Outdoor seating,None
Strangers at 47,"45, 47 49, Jalan 17/45, Seksyen 17",46400,Seksyen 17,Petaling Jaya,Selangor,Food & Beverage,Outdoor seating,None
Bichii Coffee,"8/2, Jalan LGSB 1/3, Kampong, 47000 Sungai Buloh, Selangor",47000,Sungai Buloh,Sungai Buloh,Selangor,Food & Beverage,Outdoor seating,Upstairs
e-poojia cafe,"23A-2 Jalan LGSB 1/2, off, Jalan Hospital, Pusat Komersial LGSB, 47000 Sungai Buloh, Selangor",47000,Sungai Buloh,Sungai Buloh,Selangor,Food & Beverage,Indoor seating,Diapers required
Yin Her Restaurant,"AL114, Jalan Welfare, Kampung Baru Sungai Buloh, 47000 Sungai Buloh, Selangor",47000,Sungai Buloh,Sungai Buloh,Selangor,Food & Beverage,Outdoor seating,None
32 Degrees Grill & Bar,"LOT 1, i32, Jalan PPU2A, Bandar Puchong Jaya, Taman Perindustrian Pusat Bandar Puchong, 47100 Puchong, Selangor",47100,Bandar Puteri,Puchong,Selangor,Food & Beverage,Outdoor seating,None
Banh Mi Cafe (Puchong),"1, Jalan Puteri 7/10, Bandar Puteri, 47100 Puchong, Selangor",47100,Bandar Puteri,Puchong,Selangor,Food & Beverage,Outdoor seating,None
Bun Viet Restaurant,"16, Jalan Puteri 5/5, Bandar Puteri, 47100 Puchong, Selangor",47100,Bandar Puteri,Puchong,Selangor,Food & Beverage,Outdoor seating,None
Chef Aw Restaurant 荣师父茶餐厅,"25, Jalan Kenari 17e, Bandar Puchong Jaya, 47100 Puchong, Selangor",47100,Bandar Puchong Jaya,Puchong,Selangor,Food & Beverage,Outdoor seating,None
Farmer's Bar @ Bandar Puteri Puchong,"6-1, Jalan Puteri 2/4, Bandar Puteri, 47100 Puchong, Selangor",47100,Bandar Puteri,Puchong,Selangor,Food & Beverage,Outdoor seating,None
Garage Korean BBQ Puchong,"51G, Jalan Kenari 17f, Bandar Puchong Jaya, 47100 Puchong, Selangor",47100,Bandar Puchong Jaya,Puchong,Selangor,Food & Beverage,Outdoor seating,None
Shi Yue Tian Claypot Chicken Rice Shop,"1, Jalan 23, Batu 8, Jalan Puchong, Taman Bukit Kuchai, 47100 Puchong, Selangor",47100,Taman Bukit Kuchai,Puchong,Selangor,Food & Beverage,Outdoor seating,None
Huo Long MalaTang 火龍鍋 @ Bandar Puteri Puchong MALATANG MA LA XIANG GUO 麻辣烫 麻辣香锅,"12-G, Jalan Puteri 7/13A, Bandar Puteri, 47100 Puchong, Selangor",47100,Bandar Puteri,Puchong,Selangor,Food & Beverage,Outdoor seating,None
c'est la vie café Puchong,"9-1, Jalan Kenari 17f, Bandar Puchong Jaya, 47100 Puchong, Selangor",47100,Bandar Puchong Jaya,Puchong,Selangor,Food & Beverage,Indoor seating,None
Hiao Po Tong Sui 姣婆糖水 Puchong,"No:11, Jalan Bandar 14, Pusat Bandar Puchong, 47100 Puchong, Selangor",47100,Pusat Bandar Puchong,Puchong,Selangor,Food & Beverage,Indoor seating,None
Mak Kee Wan Tan Mee 麥記細蓉,"1st Floor, 36-1, Jalan Puteri 1/2, Bandar Puteri, 47100 Puchong, Selangor",47100,Bandar Puteri Puchong,Puchong,Selangor,Food & Beverage,Indoor seating,None
MC Noodles Puchong 咖啡山四会濑粉,"6, Jalan Puteri 5/8, Bandar Puteri, 47100 Puchong, Selangor",47100,Bandar Puteri,Puchong,Selangor,Food & Beverage,Indoor seating,Carrier / Stroller
Ngong Dog Dog,"NO.111, Lebuh Puteri, Bandar Puteri, 47100 Puchong, Selangor",47100,Bandar Puteri,Puchong,Selangor,Food & Beverage,Indoor seating; Pet cafe,None
Pom Pom By The Corner,"2, Jalan Bandar 13, Pusat Bandar Puchong, 47100 Puchong, Selangor",47100,Pusat Bandar Puchong,Puchong,Selangor,Food & Beverage,Indoor seating; Outdoor seating,None
Puchong Puteri Town Park,"24, 26 & 28, Jalan Puteri 5/8, Bandar Puteri Puchong, 47100 Puchong, Selangor",47100,Bandar Puteri,Puchong,Selangor,Park,,None
Sawadee Thai Kitchen,"25, Jalan Puteri 5/3, Bandar Puteri, 47100 Puchong, Selangor",47100,Bandar Puteri,Puchong,Selangor,Food & Beverage,Indoor seating,Carrier / Stroller
Taiwanese House 臺式老屋 @ Puchong,"23, Jalan Kenari 2, Bandar Puchong Jaya, 47100 Puchong, Selangor",47100,Bandar Puchong Jaya,Puchong,Selangor,Food & Beverage,Indoor seating,None
Take Ten Cafe,"36-1, Jalan Puteri 1/2, Bandar Puteri, 47100 Puchong, Selangor",47100,Bandar Puteri Puchong,Puchong,Selangor,Food & Beverage,Indoor seating,Upstairs
Tan Hotpot IOI Rio Puchong,"Lot 19, Persiaran Rio, Bandar Puteri, 47100 Puchong, Selangor",47100,Bandar Puteri,Puchong,Selangor,Food & Beverage,Indoor seating,None
Xiao Xiang Zi Restaurant | 小巷子 | Bandar Puteri Puchong,"No.28, 01, Jalan Puteri 1/4, Bandar Puteri, 47100 Puchong, Selangor",47100,Bandar Puteri,Puchong,Selangor,Food & Beverage,Indoor seating; Outdoor seating,Small breeds only
奶油爸爸 Buttermilk Daddy Cafe,"5-G, Jalan Bandar 14, Pusat Bandar Puchong, 47100 Puchong, Selangor",47100,Pusat Bandar Puchong,Puchong,Selangor,Food & Beverage,Indoor seating,None
Luckee Canteen 六记,"6, Jalan Bandar 13, Pusat Bandar Puchong, 47100 Puchong, Selangor",47100,Pusat Bandar Puchong,Puchong,Selangor,Food & Beverage,Outdoor seating,None
MAD COFFEE,"IOI Rio, 15, Lebuh Puteri, Bandar Puteri, 47100 Puchong, Selangor",47100,Bandar Puteri,Puchong,Selangor,Food & Beverage,Outdoor seating,None
Medan Selera Everyday Foodcourt,"Jalan Bandar 1, Pusat Bandar Puchong, 47100 Puchong, Selangor",47100,Pusat Bandar Puchong,Puchong,Selangor,Food & Beverage,Outdoor seating,None
NanYang Old Street Kopitiam南洋老街茶铺,"33-G, Jalan Bandar Sepuluh, Pusat Bandar Puchong, 47100 Puchong, Selangor",47100,Pusat Bandar Puchong,Puchong,Selangor,Food & Beverage,Outdoor seating,None
Oriental Kopi @ Bandar Puteri 华阳,"69 & 71, Jalan Puteri 2/3, Bandar Puteri, 47100 Puchong, Selangor",47100,Bandar Puteri,Puchong,Selangor,Food & Beverage,Outdoor seating,None
Peng Hiang Trading,"25, Jalan Merak, Bandar Puchong Jaya, 47100 Puchong, Selangor",47100,Bandar Puchong Jaya,Puchong,Selangor,Food & Beverage,Outdoor seating,None
Restoran Foo Hing Dim Sum,"1st Flr, No. 31, 33, 35-G, Jalan Puteri 2/6, Bandar Puteri Puchong, 47100 Puchong, Selangor",47100,Bandar Puteri,Puchong,Selangor,Food & Beverage,Outdoor seating,None
Restoran Jin Xuan Hong Kong @ Bandar Puteri,"27, Jalan Puteri 1/6, Bandar Puteri, 47100 Puchong, Selangor",47100,Bandar Puteri,Puchong,Selangor,Food & Beverage,Outdoor seating,None
Fish Village Steamboat Restaurant,"28, Jalan Bandar 13, Pusat Bandar Puchong, 47100 Puchong, Selangor",47100,Pusat Bandar Puchong,Puchong,Selangor,Food & Beverage,Outdoor seating,None
The Ice Cream Bar Puchong,"LPC GF 18, Block C, Le Pavillion, Jalan Puteri 7/13, Bandar Puteri, 47100 Puchong, Selangor",47100,Bandar Puteri,Puchong,Selangor,Food & Beverage,Outdoor seating,None
Walnut Cafe & Bar,"G-10, Ground Floor, Tower 4 & 5 PFCC, Jalan Puteri 1/2, 47100 Puchong, Selangor",47100,Bandar Puteri,Puchong,Selangor,Food & Beverage,Outdoor seating,None
Wolf Grandma Traditional Shi Chuan Steamboat,"30, Jalan Bandar 13, Pusat Bandar Puchong, 47100 Puchong, Selangor",47100,Pusat Bandar Puchong,Puchong,Selangor,Food & Beverage,Outdoor seating,None
莎莎面馆 SHASHANOODLES,"10, Jalan Puteri 2/3, Bandar Puteri, 47100 Puchong, Selangor",47100,Bandar Puteri,Puchong,Selangor,Food & Beverage,Outdoor seating,None
老妈子养生冬瓜盅火锅 Low Maji Steamboat,"5, Jalan Puteri 1/4, Bandar Puteri, 47100 Puchong, Selangor",47100,Bandar Puteri,Puchong,Selangor,Food & Beverage,Outdoor seating,None
肥妹仔烧烤 Fat Girl BBQ,"18, Lorong Pasar, Taman Puchong Utama, 47100 Puchong, Selangor",47100,Taman Puchong Utama,Puchong,Selangor,Food & Beverage,Outdoor seating,None
EZGO The Cube,"13a, Jln Puteri 7/13A, Bandar Puteri, 47100 Puchong, Selangor",47100,Bandar Puteri,Puchong,Selangor,Food & Beverage,Outdoor seating,None
Restoran Sin Daima Hokkien Mee,"56, Jalan Bandar 13, Pusat Bandar Puchong, 47100 Puchong, Selangor",47100,Pusat Bandar Puchong,Puchong,Selangor,Food & Beverage,Outdoor seating,None
Piccoli Lotti Puchong,"16, Jalan Puteri 2/2, Bandar Puteri, 47100 Puchong, Selangor",47100,Bandar Puteri,Puchong,Selangor,Food & Beverage,Outdoor seating,None
N91 Cafe 好靓冰室,"Lot 3-2, sierra fresco, Jln Sierra 10/1, Bandar 16 Sierra, 47110 Puchong, Selangor",47110,Bandar 16 Sierra,Puchong,Selangor,Food & Beverage,Outdoor seating,None
Bistro Monologue,"16, Jalan BP 7/11, Bandar Bukit Puchong, 47120 Puchong, Selangor",47120,Bandar Bukit Puchong,Puchong,Selangor,Food & Beverage,Outdoor seating,None
Bug's Paradise Farm @ Puchong,"lot 46692, Jalan Pulau Meranti, Kampung Pulau Meranti, 47120 Puchong, Selangor",47120,Kampung Pulau Meranti,Puchong,Selangor,Food & Beverage,Outdoor seating,None
Senmu Cafe 森木心灵咖啡馆,"Unit C -1 - 6, Dataran Puchong, Jalan PU 7/1a, Taman Puchong Utama, 47140 Puchong, Selangor",47140,Taman Puchong Utama,Puchong,Selangor,Food & Beverage,Indoor seating,None
My Lucki Cafe,"NO 17, Jalan Bandar 18, Pusat Bandar Puchong, 47160 Puchong, Selangor",47170,Bandar Puchong Jaya,Puchong,Selangor,Food & Beverage,Indoor seating,None
Gaon by Garage BBQ Puchong,"G15 Centroz, One Puchong, 1, Jln OP 1/3, Bandar Puchong Jaya, 47170 Puchong, Selangor",47170,Bandar Puchong Jaya,Puchong,Selangor,Food & Beverage,Outdoor seating,None
Kron Thai Cuisine,"E-G-23A, IOI Boulevard, Jalan Kenari 5, Bandar Puchong Jaya, 47170 Puchong, Selangor",47170,Bandar Puchong Jaya,Puchong,Selangor,Food & Beverage,Outdoor seating,None
Loml.,"2942, Jalan Kinrara 6, Bandar Kinrara 6, 47180 Puchong, Selangor",47180,Bandar Kinrara,Puchong,Selangor,Food & Beverage,Indoor seating; Outdoor seating,
Bark A-Bout (Dog Social House),"1, Jalan SS2/66, SS 2, 47300 Petaling Jaya, Selangor",47300,SS2,Petaling Jaya,Selangor,Activity,Swimming; Grooming; Boarding,None
Butter & Spice,"53, jalan ss2 / 30, SS 2, 47300 Petaling Jaya, Selangor",47300,SS2,Petaling Jaya,Selangor,Food & Beverage,Outdoor seating,None
Cafe Bandit,"6, Jalan SS2/10, SS 2, 47300 Petaling Jaya, Selangor",47300,SS2,Petaling Jaya,Selangor,Food & Beverage,Outdoor seating,None
Hakka Rang Restaurant SS2,"36, Jalan SS 2/10, SS 2, 47300 Petaling Jaya, Selangor",47300,SS2,Petaling Jaya,Selangor,Food & Beverage,Outdoor seating,None
A Kee Like Seafood Restaurant 记得来海鲜餐馆,"K-G-01 Pusat Dagangan NZX Jalan PJU 1A/41B 47300 Petaling Jaya Selangor, Malaysia Petaling Jaya, 47300 Selangor",47300,Pusat Dagang NZX,Petaling Jaya,Selangor,Food & Beverage,Outdoor seating,None
Jojo Little Kitchen SS2,"47, Jalan SS 2/64, SS 2, 47300 Petaling Jaya, Selangor",47300,SS2,Petaling Jaya,Selangor,Food & Beverage,Outdoor seating,None
Kafe Wake Me Up,"No. 117, Jalan SS 2/6, SS 2, 47300 Petaling Jaya, Selangor",47300,SS2,Petaling Jaya,Selangor,Food & Beverage,Outdoor seating,None
Kee Hiong Klang Bak Kut Teh SS2,"No. 61, 9-G, Jalan SS 2/75, SS 2, 47300 Petaling Jaya, Selangor",47300,SS2,Petaling Jaya,Selangor,Food & Beverage,Outdoor seating,None
Kona Bakehouse,"49, Jalan ss2/30, SS 2, 47300 Petaling Jaya, Selangor",47300,SS2,Petaling Jaya,Selangor,Food & Beverage,Outdoor seating,None
Aftermeal Desserts @ SS2,"33, Jalan SS 2/64, SS 2, 47300 Petaling Jaya, Selangor",47300,SS2,Petaling Jaya,Selangor,Food & Beverage,Indoor seating,Carrier / Stroller
Bimba Cafe,"Second Floor, No. 36-2, Jalan SS2/66, SS 2, 47300 Petaling Jaya, Selangor",47300,SS2,Petaling Jaya,Selangor,Food & Beverage,Indoor seating,Upstairs
Loong Seng Dim Sum Restaurant,"50, Jalan SS 2/66, SS 2, 47300 Petaling Jaya, Selangor",47300,SS2,Petaling Jaya,Selangor,Food & Beverage,Outdoor seating,None
Calibrate Small Space,"10, Jalan SS2/103, SS 2, 47300 Petaling Jaya, Selangor",47300,SS2,Petaling Jaya,Selangor,Food & Beverage,Indoor seating,None
Croffle Cafe,"No 6, jalan ss2/55, SS 2, 47300 Petaling Jaya, Selangor",47300,SS2,Petaling Jaya,Selangor,Food & Beverage,Indoor seating,Upstairs; Reservations required
Flurrē by Fluffed,"19, Jalan SS 3/37, Taman Universiti, 47300 Petaling Jaya, Selangor",47300,Taman Universiti,Petaling Jaya,Selangor,Food & Beverage,Indoor seating; Ourdoor seating,Carrier / Stroller
Restoran Aunty Melon SS2,"26, Jalan SS 2/24, SS 2, 47300 Petaling Jaya, Selangor",47300,SS2,Petaling Jaya,Selangor,Food & Beverage,Indoor seating,Carrier / Stroller
Yellow Bake Day SS2,"50, Jalan SS 2/24, SS 2, 47300 Petaling Jaya, Selangor",47300,SS2,Petaling Jaya,Selangor,Food & Beverage,Indoor seating; Outdoor seating,Carrier / Stroller
Pho King,"153, Jalan SS 2/6, SS 2, 47300 Petaling Jaya, Selangor",47300,SS2,Petaling Jaya,Selangor,Food & Beverage,Outdoor seating,None
Prosperity Bowl Chicken Rice Restaurant | Restoran Prosperity Bowl Chicken Rice,"No. 19, Jalan SS 2/30, SS 2, 47300 Petaling Jaya, Selangor",47300,SS2,Petaling Jaya,Selangor,Food & Beverage,Outdoor seating,None
Rekindle,"Ground Floor, 25, Jalan SS 2/64, SS 2, 47300 Petaling Jaya, Selangor",47300,SS2,Petaling Jaya,Selangor,Food & Beverage,Outdoor seating,None
Restaurant Teow Chew Meng,"33, Jalan SS 2/30, SS 2, 47300 Petaling Jaya, Selangor",47300,SS2,Petaling Jaya,Selangor,Food & Beverage,Outdoor seating,None
Sun Hin Loong Restaurant | Restoran Sun Hin Loong,"65, Jalan SS 2/64, SS 2, 47300 Petaling Jaya, Selangor",47300,SS2,Petaling Jaya,Selangor,Food & Beverage,Outdoor seating,Hawker centre
Tang Pin Kitchen,"24, Jalan SS 2/24, SS 2, 47300 Petaling Jaya, Selangor",47300,SS2,Petaling Jaya,Selangor,Food & Beverage,Outdoor seating,None
The Butcher's Table @SS2,"26, Jalan SS 2/103, SS 2, 47300 Petaling Jaya, Selangor",47300,SS2,Petaling Jaya,Selangor,Food & Beverage,Outdoor seating,None
The Italian Job,"31, Jalan SS 2/30, SS 2, 47300 Petaling Jaya, Selangor",47300,SS2,Petaling Jaya,Selangor,Food & Beverage,Outdoor seating,None
Tiong Hokkien Mee,"Ground Floor, 89, Jalan SS 21/37, Damansara Utama, 47300 Petaling Jaya, Selangor",47300,Damansara Utama,Petaling Jaya,Selangor,Food & Beverage,Outdoor seating,None
TNR by Sean & Angie,"101, Jalan SS 2/6, SS 2, 47300 Petaling Jaya, Selangor",47300,SS2,Petaling Jaya,Selangor,Food & Beverage,Outdoor seating,None
一串串碌碌 PJ SS2,"179, Jalan SS 2/24, SS 2, 47300 Petaling Jaya, Selangor",47300,SS2,Petaling Jaya,Selangor,Food & Beverage,Outdoor seating,None
夜宵食堂 Mama Mee @ PJ SS2,"54, Jalan SS2/72",47300,SS2,Petaling Jaya,Selangor,Food & Beverage,Outdoor seating,None
Betty's Midwest Kitchen,"A-G-40, Jalan PJU 1/43, Aman Suria, 47301 Petaling Jaya, Selangor",47301,Aman Suria,Petaling Jaya,Selangor,Food & Beverage,Outdoor seating,None
Blackwood Cafe Petaling Jaya,"A-01-05, Eve Suite, Jalan PJU 1A/41, Ara Damansara, 47301 Petaling Jaya, Selangor",47301,Ara Damansara,Petaling Jaya,Selangor,Food & Beverage,Outdoor seating,Upstairs
Cha Can Ting - 茶餐厅,"Ara Permata, 1 & 3, Jalan PJU 1a/42, Ara Damansara, 47301 Petaling Jaya, Selangor",47301,Ara Damansara,Petaling Jaya,Selangor,Food & Beverage,Outdoor seating,None
Cincin Megah Rise,"L1-2, First Floor, Megah Rise, Jalan SS24/9 Petaling Jaya, 47301 Selangor",47301,Megah Rise Mall,Petaling Jaya,Selangor,Food & Beverage,Outdoor seating,Megah Rise Mall
Core Cafe,"80, Jalan PJU 1A/42B, Ara Damansara, 47301 Petaling Jaya, Selangor",47301,Ara Damansara,Petaling Jaya,Selangor,Food & Beverage,Outdoor seating,
Dian Huo Hotpot,"Lot No.L3-3A, L3-3-AF & Terrace, 3rd Floor, Megah Rise Mall, Jalan SS24/9, Taman Megah, 47301 Petaling Jaya, Selangor",47301,Megah Rise Mall,Petaling Jaya,Selangor,Food & Beverage,Outdoor seating,Megah Rise Mall
District 13 by 缔,"B-G-12A, Jalan PJU 1/43, Aman Suria, 47301 Petaling Jaya, Selangor",47301,Aman Suria,Petaling Jaya,Selangor,Food & Beverage,Outdoor seating,None
Fat Olive Food Garage,"Menara Prima, B-G-17 Tower B Entrance, Jalan PJU 1/39, 47301 Petaling Jaya, Selangor",47301,Ara Damansara,Petaling Jaya,Selangor,Food & Beverage,Outdoor seating,None
H.O.P Kopi 猪猪冰室 Ara Damansara,"Ara Permata, 5-37, Jalan PJU 1a/42, Ara Damansara, 47301 Petaling Jaya, Selangor",47301,Ara Damansara,Petaling Jaya,Selangor,Food & Beverage,Outdoor seating,None
Hainan Village Malayan Kopitiam (Petaling Jaya),"G-13A & 15, Megah Rise, 3, Jalan SS 24/9, Taman Megah, 47301 Petaling Jaya, Selangor",47301,Megah Rise Mall,Petaling Jaya,Selangor,Food & Beverage,Outdoor seating,Megah Rise Mall
Heritage Kopitiam 大马茶室 (Ara Damansara),"30, Jalan PJU 1A/42B, Ara Permata, Ara Damansara, 47301 Petaling Jaya, Selangor",47301,Ara Damansara,Petaling Jaya,Selangor,Food & Beverage,Outdoor seating,None
Hainan Kopitiam - Kaw Kaw Energy,"89, Jalan PJU 1A/42B, Pusat Dagangan NZX, 47301 Petaling Jaya, Selangor",47301,Pusat Perdagangan NXZ,Petaling Jaya,Selangor,Food & Beverage,Outdoor seating,None
Lakeview Seafood Restaurant | Restoran Lakeview Seafood,"58, Jalan SS 7/13a, Ss 7, 47301 Petaling Jaya, Selangor",47301,SS7,Petaling Jaya,Selangor,Food & Beverage,Outdoor seating,None
Milligram - Coffee & Eatery,"No. 8, Jalan SS 26/4, Taman Mayang Jaya, 47301 Petaling Jaya, Selangor",47301,SS26 / Taman Mayang Jaya,Petaling Jaya,Selangor,Food & Beverage,Outdoor seating,None
New Yew Sang Seafood Restaurant | Restoran New Yew Sang Seafood,"18, Jalan SS 6/8, Ss 6, 47301 Petaling Jaya, Selangor",47301,SS6,Petaling Jaya,Selangor,Food & Beverage,Outdoor seating,None
Tea Time Kopitiam | Restoran Tea Time Kopitiam,"23, Jalan SS 26/4, Seksyen 13, 47301 Petaling Jaya, Selangor",47301,SS26 / Taman Mayang Jaya,Petaling Jaya,Selangor,Food & Beverage,Outdoor seating,None
Jamboo @ Ara Damansara,"Ara Permata, : 52A, Jalan PJU 1A/42A, Ara Damansara, 47301 Petaling Jaya, Selangor",47301,Ara Damansara,Petaling Jaya,Selangor,Food & Beverage,Outdoor seating,None
Jatujak Bangkok Street Food,"B-G, 31, Jalan PJU 1a/3j, Ara Damansara, 47301 Petaling Jaya, Selangor",47301,Ara Damansara,Petaling Jaya,Selangor,Food & Beverage,Outdoor seating,None
JOJO SIKDANG,"permata, 32, Jalan PJU 1a/42, Ara Damansara, 47301 Petaling Jaya, Selangor",47301,Ara Damansara,Petaling Jaya,Selangor,Food & Beverage,Outdoor seating,None
Lohas Vegetarian Bistro,"84, Jalan SS 24/2, Taman Megah, 47301 Petaling Jaya, Selangor",47301,Megah Rise Mall,Petaling Jaya,Selangor,Food & Beverage,Outdoor seating,Vegetarian
2nd Floor Cafe,"No 22B, Jalan SS 4c/5, Taman Rasa Sayang, 47301 Petaling Jaya, Selangor",47301,SS4 / Taman Rasa Sayang,Petaling Jaya,Selangor,Food & Beverage,Indoor seating,Upstairs / Rooftop
88 Pets Mart Sdn. Bhd. (Pet Shop Petaling Jaya),"20, Jalan PJU 1/3d, Sunway Mas Commercial Center, 47301 Petaling Jaya, Selangor",47301,Aman Suria,Petaling Jaya,Selangor,Activity,Swimming,None
Ara Damansara Park,"47301 Petaling Jaya, Selangor",47301,Ara Damansara,Petaling Jaya,Selangor,Park,,Signbords with no dogs allowed but no guards around - enter at own risk
Magnificent Park Bakery,"28, Jalan SS 24/13, Taman Megah, 47301 Petaling Jaya, Selangor",47301,Taman Megah,Petaling Jaya,Selangor,Food & Beverage,Outdoor seating,None
Barolo @ Megah Rise,"Megah Rise Mall, Lot 1-3, Level 1, 3, Jalan SS 24/9, Taman Megah, 47301 Petaling Jaya, Selangor",47301,Megah Rise Mall,Petaling Jaya,Selangor,Food & Beverage,Indoor seating,Megah Rise Mall
Beans Depot Roastery & Café,"B-G-25, Taipan 1, Jalan PJU 1a/3j, Ara Damansara, 47301 Petaling Jaya, Selangor",47301,Ara Damansara,Petaling Jaya,Selangor,Food & Beverage,Indoor seating,None
Bottega PJ,"15, Jalan SS 24/8, Taman Megah, 47301 Petaling Jaya, Selangor",47301,Megah Rise Mall,Petaling Jaya,Selangor,Food & Beverage,Indoor seating,Megah Rise Mall
House of Hops,"104, Jalan SS 24/2, Taman Megah, 47301 Petaling Jaya, Selangor",47301,Megah Rise Mall,Petaling Jaya,Selangor,Food & Beverage,Indoor seating,Megah Rise Mall
Inoha Cafe,"16, Block J, Taipan 2 Damansara, Jalan PJU 1a/1, Ara Damansara, 47301 Petaling Jaya, Selangor",47301,Ara Damansara,Petaling Jaya,Selangor,Food & Beverage,Indoor seating,Carrier / Stroller
Lao Mao Cafe,"Jalan SS 24/8, Taman Megah, 47301 Petaling Jaya, Selangor",47301,Megah Rise Mall,Petaling Jaya,Selangor,Food & Beverage,Indoor seating,Megah Rise Mall
Mama's Bun and Stewed Fish Restaurant 咱妈烀饼,"L1-19-20,First Floor, Megah Rise Mall, Jalan SS 24/9, Taman Megah, 47301 Petaling Jaya, Selangor",47301,Megah Rise Mall,Petaling Jaya,Selangor,Food & Beverage,Indoor seating; OUtdoor seating,Carrier / Stroller; Reservations required
MiMi Korean Restaurant,"C-G,-19, Jalan PJU 1a/3, Taipan 2 Damansara, 47301 Petaling Jaya, Selangor",47301,Ara Damansara,Petaling Jaya,Selangor,Food & Beverage,Indoor seating,None
Nishiki Shokudo c/o Bariuma Ramen,"G-01, Ground Floor, Megah Rise, 3, Jalan SS 24/9, Taman Megah, 47301 Petaling Jaya, Selangor",47301,Megah Rise Mall,Petaling Jaya,Selangor,Food & Beverage,Indoor seating,
Pets Repawblic,"D-G-6, Block D, Jalan PJU 1a/3k, Ara Damansara, 47301 Petaling Jaya, Selangor",47301,Ara Damansara,Petaling Jaya,Selangor,Activity,Playground; Event space,Grooming and boarding available
"Poof @ Megah Rise (the Cafe, the Habitat, the Marketplace)","Lot no 2-12, Level 2, Megah Rise Mall, Jalan Ss 24, Taman Megah, 47301 Petaling Jaya, Selangor",47301,Megah Rise Mall,Petaling Jaya,Selangor,Food & Beverage,Indoor seating,Megah Rise Mall
Pulau Tikus Market - Megah Rise Mall,"G-12, ground floor, Megah Rise Mall, Jalan SS 24/9, Taman Megah, 47301 Petaling Jaya, Selangor",47301,Megah Rise Mall,Petaling Jaya,Selangor,Food & Beverage,Indoor seating,Carrier / Stroller; Reservations required
Soup & Speda Ara Damansara,"Ara Permata, 10, Jalan PJU 1A/42A, Ara Damansara, 47301 Petaling Jaya, Selangor",47301,Ara Damansara,Petaling Jaya,Selangor,Food & Beverage,Indoor seating,Cat friendly only
ZHUFU Cafe & Event Space,"43a, Jln SS 24/8, Taman Megah, 47301 Petaling Jaya, Selangor",47301,Taman Megah,Petaling Jaya,Selangor,Food & Beverage,Indoor seating,Upstairs
大山脚 BM YAM RICE,"Ara Permata, Jalan PJU 1A/42B, Ara Damansara, 47301 Petaling Jaya, Selangor",47301,Ara Damansara,Petaling Jaya,Selangor,Food & Beverage,Indoor seating,None
张勇木桶鱼 ZHANG YONG BUCKET FISH,"LOT NO L1-22 FIRST FLOOR, Megah Rise Mall, Jalan SS 24/9, Taman Megah, 47301 Petaling Jaya, Selangor",47301,Megah Rise Mall,Petaling Jaya,Selangor,Food & Beverage,Indoor seating,Carrier / Stroller; Reservations required
Xin Long Ji 新隆记 @ Ara D’sara,"30, Jalan PJU 1a/42, Ara Damansara, 47301 Petaling Jaya, Selangor",47301,Ara Damansara,Petaling Jaya,Selangor,Food & Beverage,Indoor seating,None
Mr. & Mrs. Cafe,"Level 1, Block C, Cantara Residence, Retail 6, 6, Jalan PJU 1A/41B, Ara Damansara, 47301 Petaling Jaya, Selangor",47301,Ara Damansara,Petaling Jaya,Selangor,Food & Beverage,Outdoor seating,None
Oomph Petaling Jaya,"G-20, G21 & G22, Megah Rise, Jalan SS 24/11, Taman Megah, 47301 Petaling Jaya, Selangor",47301,Megah Rise Mall,Petaling Jaya,Selangor,Food & Beverage,Outdoor seating,Megah Rise Mall
Pim's & the Rama,"22, Jalan PJU 1/43, Aman Suria, 47301 Petaling Jaya, Selangor",47301,Aman Suria,Petaling Jaya,Selangor,Food & Beverage,Outdoor seating,None
Restaurant Hiing Fatt,"I-G-2A, Jalan PJU 1a/20f, Dataran Ara Damansara, 47301 Petaling Jaya, Selangor",47301,Ara Damansara,Petaling Jaya,Selangor,Food & Beverage,Outdoor seating,None
Restoran B & Best,"12, Jalan SS 4c/5, Taman Rasa Sayang, 47301 Petaling Jaya, Selangor",47301,SS4 / Taman Rasa Sayang,Petaling Jaya,Selangor,Food & Beverage,Outdoor seating,None
Sanzaru Izakaya & Bar Ara Damansara ∣三猿酒廠,"F-G-11, BLK F Jalan PJU 1A/20D DATARAN ARA DAMANSARA, Ara Damansara, 47301 Petaling Jaya, Selangor",47301,Ara Damansara,Petaling Jaya,Selangor,Food & Beverage,Outdoor seating,None
StapleDough,"Megah Rise, 3, Jalan ss24/9, Taman Megah, 47301 Petaling Jaya, Selangor",47301,Megah Rise Mall,Petaling Jaya,Selangor,Food & Beverage,Outdoor seating,Megah Rise Mall
Sticky Bones by Morganfield’s,"2, Jalan PJU 1A/7, Oasis Ara Damansara, 47301 Petaling Jaya, Selangor",47301,Ara Damansara,Petaling Jaya,Selangor,Food & Beverage,Outdoor seating,None
Tatsujin Yakiniku & Yakitori,"F-G-2, Taipan 1, Jalan PJU 1A/3N, Ara Damansara, 47301 Petaling Jaya, Selangor",47301,Ara Damansara,Petaling Jaya,Selangor,Food & Beverage,Outdoor seating,None
Underscore Coffee,"31, Jalan PJU 1a/20a, Ara Damansara, 47301 Petaling Jaya, Selangor",47301,Ara Damansara,Petaling Jaya,Selangor,Food & Beverage,Outdoor seating,None
Bijou Cafe Ara Damansara,"1, Jalan PJU 1A/42A, Ara Damansara, 47301 Petaling Jaya, Selangor",47301,Ara Damansara,Petaling Jaya,Selangor,Food & Beverage,Outdoor seating,
Yat Yat Seng,"3, Jalan SS 24/8, Taman Megah, 47301 Petaling Jaya, Selangor",47301,Megah Rise Mall,Petaling Jaya,Selangor,Food & Beverage,Outdoor seating,Megah Rise Mall
Yuen Kee Steamed Fish Head Restaurant | Restoran Yuen Kee Steamed Fish Head,"1, Jalan PJU 1/3c, Sunway Mas Commercial Center, 47301 Petaling Jaya, Selangor",47301,Aman Suria,Petaling Jaya,Selangor,Food & Beverage,Outdoor seating,None
OrenoShokuji,"9A, Jalan SS 4c/5, Taman Rasa Sayang, 47301 Petaling Jaya, Selangor",47301,SS4 / Taman Rasa Sayang,Petaling Jaya,Selangor,Food & Beverage,Indoor seating,Small dogs only
Restoran Erawan Thai Mookata PJ,"D-G Block D, Jalan PJU 1A/41B Pusat Dagangan NZX, Ara Damansara, 47301 Petaling Jaya, Selangor",47301,Ara Damansara,Petaling Jaya,Selangor,Food & Beverage,Outdoor seating,None
Tsuen Wan Restaurant 荃湾茶餐阁,"邮政编码, Jalan SS24/8, Taman Megah, 47301",47301,Megah Rise Mall,Petaling Jaya,Selangor,Food & Beverage,Outdoor seating,None
Sangong Charcoal Hot Pot,"MY Selangor Petaling Jaya Ara Damansara Jalan PJU 1A/3M Taipan 1, E-G-02, 47310",47310,Ara Damansara,Petaling Jaya,Selangor,Food & Beverage,Outdoor seating,None
New Grand View Restaurant | Restoran New Grand View,"44, Jalan SS 23/11, Taman Sea, 47400 Petaling Jaya, Selangor",47400,Damansara Jaya,Petaling Jaya,Selangor,Food & Beverage,Outdoor seating,Kopitiam
Sri Nyonya Bistro,"11, Jalan SS 21/56b, Damansara Utama, 47400 Petaling Jaya, Selangor",47400,Sea Park,Petaling Jaya,Selangor,Food & Beverage,Outdoor seating,None
1188 Restaurant | Restoran 1188,"42, Jalan SS 22/25, Damansara Jaya, 47400 Petaling Jaya, Selangor",47400,Damansara Jaya,Petaling Jaya,Selangor,Food & Beverage,Outdoor seating,Kopitiam
Dáo Damansara Jaya,"21, Jalan SS 22/19, Damansara Jaya, 47400 Petaling Jaya, Selangor",47400,Damansara Jaya,Petaling Jaya,Selangor,Food & Beverage,Outdoor seating,None
Fu Kua Restaurant | Restoran Fu Kua,"49, Jalan SS 23/15, Ss 23, 47400 Petaling Jaya, Selangor",47400,Sea Park,Petaling Jaya,Selangor,Food & Beverage,Outdoor seating,None
Ipoh Tuck Kee Restaurant | Since 1963,"84-G, Jalan SS 21/39, Damansara Utama, 47400 Petaling Jaya, Selangor",47400,Damansara Utama,Petaling Jaya,Selangor,Food & Beverage,Outdoor seating,None
Jin Xuan Hong Kong Restaurant | Damansara Jaya | Restoran Jin Xuan Hong Kong,"59, 61 & 63, Jalan SS 22/19, Damansara Jaya, 47400 Petaling Jaya, Selangor",47400,Damansara Jaya,Petaling Jaya,Selangor,Food & Beverage,Outdoor seating,None
Michele's Kitchen,"Ground Floor, 37, Jalan SS 22/23, Damansara Jaya, 47400 Petaling Jaya, Selangor",47400,Damansara Jaya,Petaling Jaya,Selangor,Food & Beverage,Outdoor seating,None
Aunty Sam Kitchen,"40, Jalan SS 22/25, Damansara Jaya, 47400 Petaling Jaya, Selangor",47400,Damansara Jaya,Petaling Jaya,Selangor,Food & Beverage,Indoor seating; Outdoor seating,None
BarTailor - Speakeasy Bar,"42A, Jalan SS 20/10, Damansara Kim, 47400 Petaling Jaya, Selangor",47400,Damansara Kim,Petaling Jaya,Selangor,Food & Beverage,Indoor seating,Small breeds only; Well behaved dogs only
Chameleon Cafe & Restaurant,"G13A, Dataran Pelangi Utama, Jalan Masjid, Kampung Sungai Kayu Ara, 47400 Petaling Jaya, Selangor",47400,Kayu Ara,Petaling Jaya,Selangor,Food & Beverage,Indoor seating,Weekends only
Clawset Pet Cafe,"36-A, Jalan SS 22/25, Damansara Jaya, 47400 Petaling Jaya, Selangor",47400,Damansara Jaya,Petaling Jaya,Selangor,Food & Beverage,Indoor seating; Pet cafe,Upstairs
DailyTasteArt Uptown,"70G SS21/62 Damansara Uptown, SS 2, 47400 Petaling Jaya, Selangor",47400,Damansara Utama,Petaling Jaya,Selangor,Food & Beverage,Indoor seating,Carrier / Stroller
Eat@J's Restaurant | Restoran Eat@J's,"28, Jalan SS 23/11, Taman Sea, 47400 Petaling Jaya, Selangor",47400,Sea Park,Petaling Jaya,Selangor,Food & Beverage,Indoor seating,None
Fugu Japanese Fusion Restaurant,"6, Jalan SS 22/25, Damansara Jaya, 47400 Petaling Jaya, Selangor",47400,Damansara Jaya,Petaling Jaya,Selangor,Food & Beverage,Indoor seating,None
Happy Fellow 快樂肥宅 (Sarawak Noodle House),"23G, Jalan SS 22/23, Damansara Jaya, 47400 Petaling Jaya, Selangor",47400,Damansara Jaya,Petaling Jaya,Selangor,Food & Beverage,Indoor seating,Stroller / Carrier
The Chinatown 唐人街,"Ground Floor, No.12 & 14, Jalan SS 22/25, Damansara Jaya, 47400 Petaling Jaya, Selangor",47400,Damansara Jaya,Petaling Jaya,Selangor,Food & Beverage,Indoor seating,None
The Perfect Cellar Wine Shop,"30A, First Floor, Jalan SS 20/10, Damansara Kim, 47400 Petaling Jaya, Selangor",47400,Damansara Kim,Petaling Jaya,Selangor,Food & Beverage,Indoor seating,Upstairs; Wine cellar
Tsuru Tsuru,"67-M, Jalan SS 21/1a, Damansara Utama, 47400 Petaling Jaya, Selangor",47400,Damansara Utama,Petaling Jaya,Selangor,Food & Beverage,Indoor seating,None
Twenty Fourty Six,"54, Jalan SS 23/11, Taman Sea, 47400 Petaling Jaya, Selangor",47400,Sea Park,Petaling Jaya,Selangor,Food & Beverage,Indoor seating,None
Rekindle @ Damansara Uptown,"4, Jalan SS 21/35, Damansara Utama, 47400 Petaling Jaya, Selangor",47400,Damansara Utama,Petaling Jaya,Selangor,Food & Beverage,Outdoor seating,None
Restaurant Lin Li Xiang 林里香 (Damansara Branch),"93G, Jalan SS 22/11, Damansara Jaya, 47400 Petaling Jaya, Selangor",47400,Damansara Jaya,Petaling Jaya,Selangor,Food & Beverage,Outdoor seating,None
Restoran Jin Xuan Hong Kong @Uptown,"Jalan SS 21/60, Damansara Utama, 47400 Petaling Jaya, Selangor",47400,Damansara Utama,Petaling Jaya,Selangor,Food & Beverage,Outdoor seating,None
Sik Thong Ba - Uptown Damansara Utama,"66, SS21/39 DAMANSARA UTAMA PETALING JAYA, 47400 SELANGOR",47400,Damansara Utama,Petaling Jaya,Selangor,Food & Beverage,Outdoor seating,None
Spitalfield's Gastrobar,"C-37, Atria Shopping Gallery, 60, Jalan SS 22/23, 47400 Petaling Jaya, Selangor",47400,Damansara Utama,Petaling Jaya,Selangor,Food & Beverage,Outdoor seating,None
Tansen Izakaya 炭鲜居酒屋,"No. 36, Jalan SS 22/25, Damansara Jaya, 47400 Petaling Jaya, Selangor",47400,Damansara Jaya,Petaling Jaya,Selangor,Food & Beverage,Outdoor seating,None
Happy Fellow (Sarawak Noodle House),"23G, Jalan SS 22/23, Damansara Jaya, 47400 Petaling Jaya, Selangor",47400,Damansara Jaya,Petaling Jaya,Selangor,Food & Beverage,Indoor seating,Stroller / Carrier
Curious Kitchen (Non-Halal),"2nd Floor Block A, P-02-01, 12, Persiaran Tropicana, 47410 Petaling Jaya, Selangor",47410,Tropicana,Petaling Jaya,Selangor,Food & Beverage,Outdoor seating,Upstairs but parking available at floor level
KANTEEN,"No.12, Persiaran Tropicana, Tropicana, 47410 Petaling Jaya, Selangor",47410,Tropicana,Petaling Jaya,Selangor,Food & Beverage,Outdoor seating,None
Bound Coffee,"21-G, Jalan Bandar Sepuluh, Pusat Bandar Puchong, 47160 Puchong, Selangor",47410,Pusat Bandar Puchong,Puchong,Selangor,Food & Beverage,Indoor seating; Outdoor seating,None
Amber Chamber Cafe SS15,"22, First Floor, Jalan SS 15/8b, Ss 15, 47500 Subang Jaya, Selangor",47500,SS15,Subang Jaya,Selangor,Food & Beverage,Cat cafe,None
Shikomi Coffee,"5, Jalan SS 18/6, Ss 18, 47500 Subang Jaya, Selangor",47500,SS15,Subang Jaya,Selangor,Food & Beverage,Indoor seating,None
Sweet 99 Cafe,"1st Floor, 65-1, Jalan SS 15/8a, Ss 15, 47500 Subang Jaya, Selangor",47500,SS15,Subang Jaya,Selangor,Food & Beverage,Indoor seating,Upstairs
BBQ sottukkung brothers,"Jalan SS15/8, Ss 15, 47500 Subang Jaya, Selangor store, 47500 Subang Jaya, Selangor",47500,SS15,Subang Jaya,Selangor,Food & Beverage,Outdoor seating,None
Daddy & Co @ SS15,"28, Jalan SS 15/4c, Ss 15, 47500 Subang Jaya, Selangor",47500,SS15,Subang Jaya,Selangor,Food & Beverage,Outdoor seating,None
Heritage Kopitiam 大马茶室 (SS19 Subang Jaya),"155, Jalan SS19/6U, Ss 19, 47500 Subang Jaya, Selangor",47500,SS19,Subang Jaya,Selangor,Food & Beverage,Outdoor seating,None
Noto Cafe & Bakery,"4, Jln SS19/6, Ss 19, 47500 Subang Jaya, Selangor",47500,SS19,Subang Jaya,Selangor,Food & Beverage,Outdoor seating,
Restoran Sin Leong Huat,"19, Jalan Nilam 1/2, Subang Hi-tech Industrial Park, 47500 Subang Jaya, Selangor",47500,Subang Hi-Tech Industrial Park,Subang Jaya,Selangor,Food & Beverage,Outdoor seating,None
Thai In Mookata Subang,"6, Jalan SS 13/3e, Subang Jaya Industrial Estate, 47500 Subang Jaya, Selangor",47500,SS13,Subang Jaya,Selangor,Food & Beverage,Outdoor seating,None
Red Cawan,"L1-18, Tropicana Metropark Shoppes (South Persiaran Teknologi Subang, Jalan MP2, Tropicana Metropark, 47500 Subang Jaya, Selangor",47500,Tropicana Metropark,Subang Jaya,Selangor,Food & Beverage,Outdoor seating,
Ma Zi Pan Mee,"11, Jalan SS 14/1, SS14, 47500 Subang Jaya, Selangor",47500,SS14,Subang Jaya,Selangor,Food & Beverage,Outdoor seating,None
Mee Tarik Jalan Sultan (SS15),"25G, Jalan SS 15/8b, Ss 15, 47500 Subang Jaya, Selangor",47500,SS15,Subang Jaya,Selangor,Food & Beverage,Outdoor seating,Cat friendly only; Carrier / Stroller
Moo-Ka-Ta Krua Thai BBQ Steamboat Restaurant (Subang Jaya),"55, Jalan SS 15/4, Ss 15, 47500 Subang Jaya, Selangor",47500,SS15,Subang Jaya,Selangor,Food & Beverage,Outdoor seating,None
Fine Gérson,"19, Jalan SS 18/6, Ss18, 47500 Subang Jaya, Selangor",47500,SS18,Subang Jaya,Selangor,Food & Beverage,Indoor seating,None
Fun Hammett,"49, 51, Jalan SS 15/4, Ss 15, 47500 Subang Jaya, Selangor",47500,SS15,Subang Jaya,Selangor,Food & Beverage,Indoor seating,
Kozie Krafts,"145a, Jalan SS 17/1A, Ss 17, 47500 Subang Jaya, Selangor",47500,SS17,Subang Jaya,Selangor,Activities,Indoor seating,None
Trikora by Roofdeck,"Rooftop Wisma IAV, 86, Jalan Pasar, Pudu, 55100 Kuala Lumpur, Federal Territory of Kuala Lumpur",55100,,Kuala Lumpur,Wilayah Persekutuan,Food & Beverage,Outdoor seating,Upstairs
PARC,"Jalan SS12/1, Taman Subang Ria, 47500 Subang Jaya, Selangor",47500,SS12,Subang Jaya,Selangor,Park,None,None
Sweet 99 Cafe,"1st Floor, 65-1, Jalan SS 15/8a, Ss 15, 47500 Subang Jaya, Selangor",47500,SS15,Subang Jaya,Selangor,Food & Beverage,Indoor seating,None
Tai Syou Japanese Restaurant,"57, Jalan SS 15/5a, Ss 15, 47500 Subang Jaya, Selangor",47500,SS15,Subang Jaya,Selangor,Food & Beverage,Indoor seating,Only pet friendly on weekdays
Tiffin's,"18, Jalan SS 15/4b, Ss 15, 47500 Subang Jaya, Selangor",47500,SS15,Subang Jaya,Selangor,Food & Beverage,Indoor seating,None
Restoran Kar Heong 家香怡保河粉芽菜鸡饭 （SS14 Subang),"60, Jalan SS 14/2, Ss 14, 47500 Subang Jaya, Selangor",47500,SS14,Subang Jaya,Selangor,Food & Beverage,Outdoor seating,None
Sae Ma Eul BBQ Subang SS15,"62, Jalan SS 15/4d, Ss 15, 47500 Subang Jaya, Selangor",47500,SS15,Subang Jaya,Selangor,Food & Beverage,Outdoor seating,None
The Enclave@Subang,"59, Jalan SS 15/4E, Ss 15, 47500 Subang Jaya, Selangor",47500,SS15,Subang Jaya,Selangor,Food & Beverage,Outdoor seating,None
Tomo Tomo トモ トモ,"Lot/Unit 5, PARC Hub, Taman Subang Ria, 47500 Subang Jaya, Selangor",47500,SS12,Subang Jaya,Selangor,Food & Beverage,Outdoor seating,None
Unfold,"CAFE, PARC HUB, Lot 17394, Jalan SS12/1, Taman Subang Ria, 47500 Petaling Jaya, Selangor",47500,SS12,Subang Jaya,Selangor,Food & Beverage,Outdoor seating,None
YILO (SS15) RESTAURANT & BAR,"NO143-G, Jalan SS 15/5a, 47500 Subang Jaya, Selangor",47500,SS15,Subang Jaya,Selangor,Food & Beverage,Outdoor seating,None
Taka by Origin,"10 Jalan SS13/3F, Subang Jaya Subang Jaya, 47500 Petaling Jaya, Selangor Subang, 47500 Petaling Jaya, Selangor",47500,SS13,Subang Jaya,Selangor,Food & Beverage,Outdoor seating,None
Cafe Miss Fafa,"54, Jalan SS 15/4, Ss 15, 47500 Subang Jaya, Selangor",47500,SS15,Subang Jaya,Selangor,Food & Beverage,Indoor seating,None
128 Thai,"42, Jalan SS 15/4c, Ss 15, 47500 Subang Jaya, Selangor",47500,SS15,Subang Jaya,Selangor,Food & Beverage,Outdoor seating,None
Zhia Kitchen Sunway Industrial Park,"25, Jalan PJS 11/1, Bandar Sunway, 47500 Petaling Jaya, Selangor",47500,Sunway,Sunway,Selangor,Food & Beverage,Outdoor seating,None
"Tom, Dick & Harry's, Oasis Square","R-13A, Jalan PJU 1A/7A, Central Piazza Oasis, Ara Damansara, Jalan PJU 1A/7, Taipan 2 Damansara, 47600 Petaling Jaya, Selangor",47600,Ara Damansara,Petaling Jaya,Selangor,Food & Beverage,Outdoor seating,None
Foo Hing Dim Sum Restaurant,"No. 1A, 2A & 3A, Jalan USJ 10/1h, 47610 Subang Jaya, Selangor",47610,USJ 10,Subang Jaya,Selangor,Food & Beverage,Outdoor seating,None
Pawtato Cafe,"43 2nd Floor, Jalan USJ 9/5s, Subang Business Centre, 47610 Subang Jaya, Selangor",47610,USJ 9,Subang Jaya,Selangor,Food & Beverage,Indoor seating,None
Restoran Happy & Merry Kitchen,"Jalan USJ 11/3j, Usj 11, 47620 Subang Jaya, Selangor",47620,USJ 11,Subang Jaya,Selangor,Food & Beverage,Outdoor seating,None
林老母面馆 Lim Laobu's Noodle House,"83-1, Jalan USJ 21/10, Usj 21, 47640 Subang Jaya, Selangor",47620,USJ 21,Subang Jaya,Selangor,Food & Beverage,Outdoor seating,None
8 inch by Legend,"No7A, Jalan USJ 10/1a, 47620 Subang Jaya, Selangor",47620,USJ 10,Subang Jaya,Selangor,Food & Beverage,Indoor seating,Upstairs
Tasty Porridge 品粥 @ USJ Taipan,"19, Jalan USJ 10/1c, Taipan Business Centre, 47620 Subang Jaya, Selangor",47620,USJ 10,Subang Jaya,Selangor,Food & Beverage,Outdoor seating,None
The Eternal 茶茶酒酒,"RF-06, ROOFTOP, SKY PARK, JALAN USJ 25/1, One City, 47650 Subang Jaya, Selangor",47650,USJ 25,Subang Jaya,Selangor,Food & Beverage,Indoor seating,Carrier / Stroller
Granite Kitchen & Lounge Bar,"First Floor Centrepoint Bandar Utama, Bandar Utama, F10 & 11, 47800 Petaling Jaya, Selangor",47800,Bandar Utama,Petaling Jaya,Selangor,Food & Beverage,Outdoor seating,None
Lax Lax restaurant and Bar,"LG 612, 1 utama shopping mall, Bandar Utama, 47800 Petaling Jaya, Selangor",47800,Bandar Utama,Petaling Jaya,Selangor,Food & Beverage,Outdoor seating,Designated parking at Boulevard; 1 Utama is not pet friendly
Meat In Claypot,"Lot G5 Ground Floor, Centrepoint, Lebuh Bandar Utama, Bandar Utama, 47800 Petaling Jaya, Selangor",47800,Bandar Utama,Petaling Jaya,Selangor,Food & Beverage,Outdoor seating,None
Central Park Avenue,"Bandar Utama, 47800 Petaling Jaya, Selangor",47800,Bandar Utama,Petaling Jaya,Selangor,Park,,None
RaRa Coffee,"1-1, BU4 OASIS, JALAN CHANGKAT BANDAR UTAMA, Bandar Utama, 47800 Petaling Jaya, Selangor",47800,Bandar Utama,Petaling Jaya,Selangor,Food & Beverage,Outdoor seating,None
The BBP,"The BBP The Club Bukit Utama No. 9, Persiaran Bukit Utama, Bandar Utama, 47800 Petaling Jaya, Selangor",47800,Bandar Utama,Petaling Jaya,Selangor,Food & Beverage,Outdoor seating,None
Vege Gen 素の年,"41-1 Jalan PJU 5/9 Dataran Sunway, Kota Damansara, 47800 Petaling Jaya, Selangor",47800,Kota Damansara,Petaling Jaya,Selangor,Food & Beverage,Outdoor seating,Vegetarian
Wonjo Buanjib BBQ,"1 Utama Shopping Mall, Lot LG618-LG620, Lower Ground Floor 1Utama Shopping Mall, 1, Lebuh Bandar Utama, Bandar Utama, 47800, Selangor",47800,Bandar Utama,Petaling Jaya,Selangor,Food & Beverage,Outdoor seating,None
Chuan Yue De Cuisine 川悦首秀,"A-GF-12 Sunway Nexis, Jalan PJU 5/1, Kota Damansara, 47810 Petaling Jaya, Selangor",47810,Kota Damansara,Petaling Jaya,Selangor,Food & Beverage,Outdoor seating,None
,,,,,,,,
Hakka Rang Restaurant,"47-1, Jalan PJU 5/11, Kota Damansara, 47810 Petaling Jaya, Selangor",47810,Kota Damansara,Petaling Jaya,Selangor,Food & Beverage,Outdoor seating,None
Jin Xuan Hong Kong Restaurant | Kota Damansara | Restoran Jin Xuan Hong Kong,"1, 48-1 & 48-2, Jalan PJU 5/9 Dataran Sunway, 48, Jalan PJU 5/9, Kota Damansara, 47810 Petaling Jaya, Selangor",47810,Kota Damansara,Petaling Jaya,Selangor,Food & Beverage,Outdoor seating,None
Park 28 Mutiara Damansara,"28, Persiaran Surian, Mutiara Damansara, 47810 Petaling Jaya, Selangor",47810,Mutiara Damansara,Petaling Jaya,Selangor,Food & Beverage,Outdoor seating,None
The Red Beanbag,"G-2, Menara Mudajaya, 12A, Jalan PJU 7/3, Mutiara Damansara",47810,Mutiara Damansara,Petaling Jaya,Selangor,Food & Beverage,Outdoor seating,None
Makan Time,"Jalan Teknologi 3/9, Kota Damansara, 47810 Petaling Jaya, Selangor",47810,Kota Damansara,Petaling Jaya,Selangor,Food & Beverage,Outdoor seating,None
Menya Hanabi 麺屋はなび Sunway Giza Mall,"C-07-G (Ground Floor and Mezzanine Floor), Sunway Giza, Jalan PJU 5/14, Kota Damansara, 47810 Petaling Jaya, Selangor",47810,Kota Damansara,Petaling Jaya,Selangor,Food & Beverage,Outdoor seating,None
Bubbs & Bites,"32-1, Jalan PJU 5/11 Dataran Sunway, Kota Damansara. 47810 Petaling Jaya Dataran Sunway, Kota Damansara, 47810 Petaling Jaya, Selangor",47810,Kota Damansara,Petaling Jaya,Selangor,Food & Beverage,Indoor seating,None
Butter Cream cafe,"A-GF-11, Sunway Nexis, Jalan PJU 5/1, Kota Damansara, 47810 Petaling Jaya, Selangor",47810,Kota Damansara,Petaling Jaya,Selangor,Food & Beverage,Indoor searing,Upstairs
Cafe.Waiting.Love Malaysia,"3-1 Jalan PJU 5/13 Dataran Sunway, Kota Damansara, 47810 Petaling Jaya",47810,Kota Damansara,Petaling Jaya,Selangor,Food & Beverage,Indoor seating,None
Cha Inn,"30, Jalan PJU 5/5, Kota Damansara, 47810 Petaling Jaya, Selangor",47810,Kota Damansara,Petaling Jaya,Selangor,Food & Beverage,Indoor seating,None
D Wine,"45-1, Jalan PJU 5/9, Kota Damansara, 47810 Petaling Jaya, Selangor",47810,Kota Damansara,Petaling Jaya,Selangor,Food & Beverage,Indoor seating,None
Just Eats @ Just Pets Megastore (KD),"Lot 1F-02, First Floor Tropicana Gardens Mall, 2A, Persiaran Surian, Tropicana Indah, 47810 Petaling Jaya, Selangor",47810,Tropicana Gardens Mall,Petaling Jaya,Selangor,Food & Beverage,Indoor seating,None
Mimi Daifuku,"Lakeside Wing, Sunsuria Avenue, PJU 5, Persiaran Mahogani, Kota Damansara, 47810 Petaling Jaya, Selangor",47810,Kota Damansara,Petaling Jaya,Selangor,Food & Beverage,Indoor seating; Outdoor seating,Reservations required
palette cafe,"22-1, Jalan PJU 5/5 Dataran Sunway, Kota Damansara, 47810 Petaling Jaya, Selangor",47810,Kota Damansara,Petaling Jaya,Selangor,Food & Beverage,Indoor seating,Carrier / Stroller
YNL Seafood,"28-1 ,Jalan PJU 5/5 Dataran Sunway, Kota Damansara, 47810 Petaling Jaya, Selangor",47810,Kota Damansara,Petaling Jaya,Selangor,Grocer,,
福满香 肉干大王@猪肉粉大王 HOCK MOON HIONG - KOTA DAMANSARA 哥打白沙罗分店,"10-1 Jalan PJU 5/5 Dataran Sunway, Kota Damansara, 47810, Selangor",47810,Kota Damansara,Petaling Jaya,Selangor,Food & Beverage,Indoor seating,None
Penang Lang Cuisines,"61, Jalan PJU 5/21 The Strand, Sunway Damansara, 47810 Petaling Jaya, Selangor",47810,Kota Damansara,Petaling Jaya,Selangor,Food & Beverage,Outdoor seating,None
Restoran Super Kitchen Chilli Pan Mee @ Kota Damansara,"Jalan PJU 5/4, Dataran Sunway, 47810 Petaling Jaya, Selangor",47810,Kota Damansara,Petaling Jaya,Selangor,Food & Beverage,Outdoor seating,None
北方食府 BEIFANGSHIFU RESTAURANT,"G-20, COVA SQUARE JALAN TEKNOLOGI, TAMAN SAINS SELANGOR, Kota Damansara, 47810, Selangor",47810,Kota Damansara,Petaling Jaya,Selangor,Food & Beverage,Outdoor seating,None
四喜茶铺 Kopitiam Empat Sekawan,"32a-1, Jalan PJU 5/11, Dataran Sunway, Kota Damansara, 47810 Petaling Jaya, Selangor",47810,Kota Damansara,Petaling Jaya,Selangor,Food & Beverage,Outdoor seating,None
DIYU Steamboat & BBQ-The Fifteen 第十五层第狱火锅,"Unit C-08-G & C-08-M, Sunway Giza Mall, 2, Jalan PJU 5/14, Dataran Sunway, 47810 Petaling Jaya, Selangor",47810,Kota Damansara,Petaling Jaya,Selangor,Food & Beverage,Indoor seating,Stroller / Carrier
Fat Tea Macanese Food,"LG05, Emerald Plaza North, Jalan PJU 8/3a, Damansara Perdana, 47820 Petaling Jaya, Selangor",47820,Damansara Perdana,Petaling Jaya,Selangor,Food & Beverage,Outdoor seating,None
The Yolks Cafe,"F-LG-10, Neo Damansara, Jalan PJU 8/1, Damansara Perdana, 47820 Petaling Jaya, Selangor",47820,Damansara Perdana,Petaling Jaya,Selangor,Food & Beverage,Outdoor seating,None
Unusual Marketplace,"Ground Floor, The Club@ Empire Residence, Jalan PJU 8/1, Damansara Perdana, 47820 Petaling Jaya, Selangor",47820,Damansara Perdana,Petaling Jaya,Selangor,Food & Beverage,Outdoor seating,None
Restaurant Chun Wai,"3-1-11, Jalan Mutiara 1, Rawang Mutiara Business Centre, 48000 Rawang, Selangor",48000,Rawang,Rawang,Selangor,Food & Beverage,Outdoor seating,None
Restoran R.Cheng Fei Zhou Yee Wantan Mee 亜菁非洲魚云呑面,"No. E, 13, Jalan Lks 5, Kampung Dato Lee Kim Sai, 48000 Rawang, Selangor",48000,Rawang,Rawang,Selangor,Food & Beverage,Outdoor seating,None
Lyfe Cafe,"LG 08 & 09, Waterfront Village, Persiaran Gamuda Gardens 1, Bandar Gamuda Gardens, 48050 Rawang, Selangor",48050,Gamuda Gardens,Rawang,Selangor,Food & Beverage,Indoor seating,None
Sekeping Serendah Retreats,"Sekeping Serendah Retreats, Jalan Ipoh, Kampung Orang Asli Serendah, 48200 Serendah, Selangor",48200,Serendah,Serendah,Selangor,Pet friendly stay,,None
Hill View Restoran,"Puncak Inn, 1, Jalan Genting, Bukit Fraser, 49000 Fraser's Hill, Pahang",49000,Fraser's Hill,Fraser's Hill,Pahang,Food & Beverage,Outdoor seating,
G-String KL,"147, Jalan Petaling, City Centre, 50000 Kuala Lumpur, Wilayah Persekutuan Kuala Lumpur",50000,Petaling Street / Chinatown,Kuala Lumpur,Wilayah Persekutuan,Food & Beverage,Outdoor seating,None
LaGula By The Hungry Tapir,"G-02, Ground Floor, Four Points Hotel by Sheraton, 2, Jalan Balai Polis, City Centre, 50000 Kuala Lumpur, Wilayah Persekutuan Kuala Lumpur",50000,Petaling Street / Chinatown,Kuala Lumpur,Wilayah Persekutuan,Food & Beverage,Outdoor seating,None
GUI GUI BBQ,"143, Jalan Petaling, City Centre, 50000 Kuala Lumpur, Wilayah Persekutuan Kuala Lumpur",50000,Petaling Street / Chinatown,Kuala Lumpur,Wilayah Persekutuan,Food & Beverage,Indoor seating,None
Kwai Chai Hong 鬼仔巷,"Lorong Panggung, City Centre, 50000 Kuala Lumpur, Wilayah Persekutuan Kuala Lumpur",50000,Petaling Street / Chinatown,Kuala Lumpur,Wilayah Persekutuan,Attraction,,None
Raijin Ramen,"80, Jalan Sultan, City Centre, 50000 Kuala Lumpur, Wilayah Persekutuan Kuala Lumpur",50000,Petaling Street / Chinatown,Kuala Lumpur,Wilayah Persekutuan,Food & Beverage,Indoor seating,None
REXKL,"80, Jalan Sultan, City Centre, 50000 Kuala Lumpur, Wilayah Persekutuan Kuala Lumpur",50000,Petaling Street / Chinatown,Kuala Lumpur,Wilayah Persekutuan,Attraction,,None
Stellar KL,"80, Jalan Sultan, City Centre, 50000 Kuala Lumpur, Wilayah Persekutuan Kuala Lumpur",50000,Petaling Street / Chinatown,Kuala Lumpur,Wilayah Persekutuan,Food & Beverage,Indoor seating,Inside REXKL
The Hungry Tapir,"135, Jalan Petaling, City Centre, 50000 Kuala Lumpur, Wilayah Persekutuan Kuala Lumpur",50000,Petaling Street / Chinatown,Kuala Lumpur,Wilayah Persekutuan,Food & Beverage,Indoor seating,Upstairs
Pik Wah Bar & Cafe,"No134, Jalan Petaling, City Centre, 50000 Kuala Lumpur, Wilayah Persekutuan Kuala Lumpur",50000,Petaling Street / Chinatown,Kuala Lumpur,Wilayah Persekutuan,Food & Beverage,Outdoor seating,None
Wildflowers,"153, Jalan Petaling, City Centre, 50000 Kuala Lumpur, Wilayah Persekutuan Kuala Lumpur",50000,Petaling Street / Chinatown,Kuala Lumpur,Wilayah Persekutuan,Food & Beverage,Outdoor seating,None
Yooi Kee Chee Cheong Fun & Porridge,"21-27, Tang City Food Court, 40, Jalan Hang Lekir, City Centre, 50000 Kuala Lumpur, Wilayah Persekutuan Kuala Lumpur",50000,Petaling Street / Chinatown,Kuala Lumpur,Wilayah Persekutuan,Food & Beverage,Outdoor seating,None
The Forest - Mansion,"10, Jalan Galloway, Bukit Bintang, 50150 Kuala Lumpur, Wilayah Persekutuan Kuala Lumpur",50150,Bukit Bintang,Kuala Lumpur,Wilayah Persekutuan,Food & Beverage,Outdoor seating,None
Three Years Old Cafe,"1, Jalan Sin Chew Kee, Bukit Bintang, 50150 Kuala Lumpur, Wilayah Persekutuan Kuala Lumpur",50150,Bukit Bintang,Kuala Lumpur,Wilayah Persekutuan,Food & Beverage,Outdoor seating,Limited parking
Havana Bar & Grill,"2 & 4, Changkat Bukit Bintang, Bukit Bintang, 50200 Kuala Lumpur, Wilayah Persekutuan Kuala Lumpur",50200,Bukit Bintang,Kuala Lumpur,Wilayah Persekutuan,Food & Beverage,Outdoor seating,None
Sao Nam,"25, Tengkat Tong Shin, Bukit Bintang, 50200 Kuala Lumpur, Wilayah Persekutuan Kuala Lumpur",50200,Bukit Bintang,Kuala Lumpur,Wilayah Persekutuan,Food & Beverage,Outdoor seating,None
Solace Bukit Bintang,"39, 39A & 41, Jalan Sahabat, Bukit Bintang, 50200 Kuala Lumpur, Wilayah Persekutuan Kuala Lumpur",50200,Bukit Bintang,Kuala Lumpur,Wilayah Persekutuan,Food & Beverage,Outdoor seating,None
Bottega KL,"1A, Jalan Ceylon, Bukit Ceylon, 50200 Kuala Lumpur, Wilayah Persekutuan Kuala Lumpur",50200,Bukit Ceylon,Kuala Lumpur,Wilayah Persekutuan,Food & Beverage,Outdoor seating,None
Piccola Kitchen & Bar,"6, Jalan Ceylon, Bukit Ceylon, 50200 Kuala Lumpur, Wilayah Persekutuan Kuala Lumpur",50200,Bukit Ceylon,Kuala Lumpur,Wilayah Persekutuan,Food & Beverage,Outdoor seating,None
The Rabbit Hole,"16, Changkat Bukit Bintang, Bukit Bintang, 50200 Kuala Lumpur, Wilayah Persekutuan Kuala Lumpur",50200,Bukit Bintang,Kuala Lumpur,Wilayah Persekutuan,Food & Beverage,Outdoor seating,None
Wong Ah Wah Restaurant,"No 1, Jalan Alor, Bukit Bintang, 50200 Kuala Lumpur, Federal Territory of Kuala Lumpur",50200,Bukit Bintang,Kuala Lumpur,Wilayah Persekutuan,Food & Beverage,Outdoor seating,None
Gravybaby Jalan P Ramlee,"9, Jalan P. Ramlee, Kuala Lumpur, 50250 Kuala Lumpur, Wilayah Persekutuan Kuala Lumpur",50250,Kuala Lumpur,Kuala Lumpur,Wilayah Persekutuan,Food & Beverage,Outdoor seating,None
Base Camp KL,"second floor, 62, Jalan Doraisamy, Chow Kit, 50300 Kuala Lumpur, Wilayah Persekutuan Kuala Lumpur",50300,Chow Kit,Kuala Lumpur,Wilayah Persekutuan,Food & Beverage,Outdoor seating,Upstairs
Crema,"64, Jalan Doraisamy, Chow Kit, 50300 Kuala Lumpur, Wilayah Persekutuan Kuala Lumpur",50300,Chow Kit,Kuala Lumpur,Wilayah Persekutuan,Food & Beverage,Outdoor seating,None
Gavel Coffee Kitchen Craft beers,"20, Jalan Yap Ah Shak, Chow Kit, 50300 Kuala Lumpur, Wilayah Persekutuan Kuala Lumpur",50300,Chow Kit,Kuala Lumpur,Wilayah Persekutuan,Food & Beverage,Outdoor seating,None
Heritage Pizza KL,"26-G, Jalan Doraisamy, Chow Kit, 50300 Kuala Lumpur, Wilayah Persekutuan Kuala Lumpur",50300,Chow Kit,Kuala Lumpur,Wilayah Persekutuan,Food & Beverage,Outdoor seating,None
JOLOKO,"43, Jalan Kamunting, Chow Kit, 50300 Kuala Lumpur, Wilayah Persekutuan Kuala Lumpur",50300,Chow Kit,Kuala Lumpur,Wilayah Persekutuan,Food & Beverage,Outdoor seating,None
Licky Chan & The Poke Guy,"24, Jalan Yap Ah Shak, Chow Kit, 50300 Kuala Lumpur, Wilayah Persekutuan Kuala Lumpur",50300,Chow Kit,Kuala Lumpur,Wilayah Persekutuan,Food & Beverage,Outdoor seating,None
Kwong Cheung Loong Kopitiam Bar 广昌龙茶室吧,"34-G, Jalan Doraisamy, Chow Kit, 50300 Kuala Lumpur, Wilayah Persekutuan Kuala Lumpur",50300,Chow Kit,Kuala Lumpur,Wilayah Persekutuan,Food & Beverage,Indoor seating; Outdoor seating,None
Pizzeria Dihyang,"14G, Jalan Yap Ah Shak, Chow Kit, 50300 Kuala Lumpur, Wilayah Persekutuan Kuala Lumpur",50300,Chow Kit,Kuala Lumpur,Wilayah Persekutuan,Food & Beverage,Outdoor seating,None
Restaurant Dominic,"54G & 56G, Jalan Doraisamy, Chow Kit, 50300 Kuala Lumpur",50300,Chow Kit,Kuala Lumpur,Wilayah Persekutuan,Food & Beverage,Outdoor seating,None
Woo Pin 45 Kamunting,"45, Jalan Kamunting, Chow Kit, 50300 Kuala Lumpur, Wilayah Persekutuan Kuala Lumpur",50300,Chow Kit,Kuala Lumpur,Wilayah Persekutuan,Food & Beverage,Outdoor seating,None
"House of Wheat, Chow Kit","15 & 17, Lorong Tiong Nam 2, Chow Kit, 50350 Kuala Lumpur, Wilayah Persekutuan Kuala Lumpur",50350,Chow Kit,Kuala Lumpur,Wilayah Persekutuan,Food & Beverage,Outdoor seating,
Alam Pasu @ The LINC,"Center Courtyard, The Linc Mall No, 360, Jalan Tun Razak, 50400 Kuala Lumpur",50400,Kuala Lumpur,Kuala Lumpur,Wilayah Persekutuan,Food & Beverage,Outdoor seating,None
BEAN BROTHERS KL,"G-1, THE LINC No, 360, Jalan Tun Razak, 50400 Kuala Lumpur",50400,Kuala Lumpur,Kuala Lumpur,Wilayah Persekutuan,Food & Beverage,Outdoor seating,None
After One KL,"1, Persiaran Lidcol , Jalan Yap Kwan Seng, Wilayah Persekutuan, 1, Persiaran Lidcol, Kampung Baru, 50450 Kuala Lumpur, Federal Territory of Kuala Lumpur",50450,Kuala Lumpur,Kuala Lumpur,Wilayah Persekutuan,Food & Beverage,Outdoor seating,None
Brussels Beer Cafe,"No. 4 & 6 Jalan 1/67B, Off Jalan Mengkudu Ampang, 50450 Kuala Lumpur",50450,Ampang,Kuala Lumpur,Wilayah Persekutuan,Food & Beverage,Outdoor seating,None
Ra-Ft Café / Bistro Binjai 8 | Coffee Roasters,"Unit G-1, Ground Floor, Binjai 8 Premium Soho, 2, Lrg Binjai, 50450 Kuala Lumpur",50450,Kuala Lumpur,Kuala Lumpur,Wilayah Persekutuan,Food & Beverage,Outdoor seating,None
Kantata,"90, Jalan Tuba, Kampung Attap, 50460 Kuala Lumpur, Wilayah Persekutuan Kuala Lumpur",50460,Kampung Attap,Kuala Lumpur,Wilayah Persekutuan,Food & Beverage,Indoor seating; Outdoor seating,None
Pause Cafe,"140, Jalan Choo Cheng Khay, Kampung Attap, 50460 Kuala Lumpur, Wilayah Persekutuan Kuala Lumpur",50460,Kampung Attap,Kuala Lumpur,Wilayah Persekutuan,Food & Beverage,Indoor seating,None
Tommy Le Baker - Kampung Attap,"No 82, Zhongshan Building, 80, Jalan Rotan, Kampung Attap, 50460 Kuala Lumpur, Wilayah Persekutuan Kuala Lumpur",50460,Kampung Attap,Kuala Lumpur,Wilayah Persekutuan,Food & Beverage,Outdoor seating,None
23.5 Coffee Roastery,"Lot 1-3A, Verve Shops, 8, Jalan Kiara 5, Mont Kiara, 50480 Kuala Lumpur",50480,Mont Kiara,Kuala Lumpur,Wilayah Persekutuan,Food & Beverage,Outdoor seating,None
All Delicious Restaurant (Branch),"24, Jalan 28/70a, Desa Sri Hartamas, 50480 Kuala Lumpur, Wilayah Persekutuan Kuala Lumpur",50480,Hartamas,Kuala Lumpur,Wilayah Persekutuan,Food & Beverage,Outdoor seating,None
Apgujeong,"J-01-15-16 , Sohokl , 2 Jalan Solaris , Solaris Mont Kiara , 50480 Mont Kiara , Kuala Lumpur, 50480",50480,Mont Kiara,Kuala Lumpur,Wilayah Persekutuan,Food & Beverage,Outdoor seating,None
B Lab Verve Suite,"G-3A, Ground Floor, Verveshops, 8, Jalan Kiara 5, Mont Kiara, 50480 Kuala Lumpur",50480,Mont Kiara,Kuala Lumpur,Wilayah Persekutuan,Food & Beverage,Outdoor seating,None
Belakang Bus Cafe,"Level LG5, Arcoris, Jalan Kiara 4, Mont Kiara, 50480 Kuala Lumpur, Wilayah Persekutuan Kuala Lumpur",50480,Mont Kiara,Kuala Lumpur,Wilayah Persekutuan,Food & Beverage,Outdoor seating,None
BIG Tree Kitchen 大树风味,"15, Jalan Solaris 3, Solaris Mont Kiara, 50480 Kuala Lumpur, Wilayah Persekutuan Kuala Lumpur",50480,Mont Kiara,Kuala Lumpur,Wilayah Persekutuan,Food & Beverage,Outdoor seating,None
Butaya Izakaya 豚家居酒屋,"14, Jalan Sri Hartamas 8, Taman Sri Hartamas, 50480 Kuala Lumpur, Wilayah Persekutuan Kuala Lumpur",50480,Hartamas,Kuala Lumpur,Wilayah Persekutuan,Food & Beverage,Outdoor seating,None
Common Man Coffee Roasters Desa Sri Hartamas,"23, Jalan 19/70a, Desa Sri Hartamas, 50480 Kuala Lumpur, Wilayah Persekutuan Kuala Lumpur",50480,Hartamas,Kuala Lumpur,Wilayah Persekutuan,Food & Beverage,Outdoor seating,None
Cotta,"L6-1A, Verve Shops, 8, Jalan Kiara 5, Mont Kiara, 50480 Kuala Lumpur, Federal Territory of Kuala Lumpur",50480,Mont Kiara,Kuala Lumpur,Wilayah Persekutuan,Food & Beverage,Outdoor seating,None
Doreme Eatery,"LG2-03, Jln Duta Hartamas, Mont Kiara, 50480 Kuala Lumpur, Wilayah Persekutuan Kuala Lumpur",50480,Hartamas,Kuala Lumpur,Wilayah Persekutuan,Food & Beverage,Outdoor seating,None
GLK BIRDNEST,"Unit 2F-11a, 8, Jalan Kiara, Mont Kiara, 50480 Kuala Lumpur, Federal Territory of Kuala Lumpur",50480,Mont Kiara,Kuala Lumpur,Wilayah Persekutuan,Food & Beverage,Outdoor seating,None
Hanabi Izakaya Sake and Dining Solaris KL,"NO 12, Jalan Solaris 3, Solaris Mont Kiara, 50480 Kuala Lumpur, Wilayah Persekutuan Kuala Lumpur",50480,Mont Kiara,Kuala Lumpur,Wilayah Persekutuan,Food & Beverage,Outdoor seating,None
hohcoffee @ Solaris Mont Kiara,"K-G-4, 2, Jalan Solaris, Solaris Mont Kiara, 50480 Kuala Lumpur",50480,Mont Kiara,Kuala Lumpur,Wilayah Persekutuan,Food & Beverage,Outdoor seating,None
Hong Kong KooL Chicken Pot @ Solaris Mont Kiara,"13, Solaris Mont Kiara Jalan Solaris 2 Solaris Mont Kiara, Mont Kiara, 50480 Kuala Lumpur",50480,Mont Kiara,Kuala Lumpur,Wilayah Persekutuan,Food & Beverage,Outdoor seating,None
Joelle Pâtisserie by Smith,"Lot G-15, Ground Level, Arcoris, Jalan, Mont Kiara, 50480 Kuala Lumpur, Wilayah Persekutuan Kuala Lumpur",50480,Mont Kiara,Kuala Lumpur,Wilayah Persekutuan,Food & Beverage,Outdoor seating,None
Kang SikDang,"22, Jalan Solaris 3, Solaris Mont Kiara, 50480 Kuala Lumpur, Wilayah Persekutuan Kuala Lumpur",50480,Mont Kiara,Kuala Lumpur,Wilayah Persekutuan,Food & Beverage,Outdoor seating,None
Kanteen Mont Kiara,"Mont' Kiara Banyan, Lot GF2, 28, Jalan Kiara, Mont Kiara, 50480 Kuala Lumpur, Federal Territory of Kuala Lumpur",50480,Mont Kiara,Kuala Lumpur,Wilayah Persekutuan,Food & Beverage,Outdoor seating,None
laüt Mont Kiara,"G3A, Mont' Kiara Meridin, 19, Jln Duta Kiara, Mont Kiara, 50480 Kuala Lumpur, Wilayah Persekutuan Kuala Lumpur",50480,Mont Kiara,Kuala Lumpur,Wilayah Persekutuan,Food & Beverage,Outdoor seating,
LILIANS CAKE HOUSE,"S-B5-01, 4, Jalan Kiara 1, Mont Kiara, 50480 Kuala Lumpur, Wilayah Persekutuan Kuala Lumpur",50480,Mont Kiara,Kuala Lumpur,Wilayah Persekutuan,Food & Beverage,Outdoor seating,None
Belly & Mel,"GF, 163 Retail Park, 8, Jalan Kiara, Mont Kiara, 50480 Kuala Lumpur, Wilayah Persekutuan Kuala Lumpur",50480,163 Retail Park,Kuala Lumpur,Wilayah Persekutuan,Food & Beverage,Outdoor seating,Inside 163 Retail Park
Marta's Kitchen @ Hartamas,"Jalan Sri Hartamas 22, Desa Sri Hartamas, 50480 Kuala Lumpur, Wilayah Persekutuan Kuala Lumpur",50480,Hartamas,Kuala Lumpur,Wilayah Persekutuan,Food & Beverage,Outdoor seating,None
Bisou Bake Shop Mont Kiara,"Lot GF -07, 163 Retail Park, Jalan Kiara, Mont Kiara, 50480 Kuala Lumpur, Wilayah Persekutuan Kuala Lumpur",50480,163 Retail Park,Kuala Lumpur,Wilayah Persekutuan,Food & Beverage,Outdoor seating,Inside 163 Retail Park
Chin Swee Vegeciting,"3A, Block D3, Level G3, Publika Dutamas, Jalan Dutamas 1, Solaris Dutamas, 50480 Kuala Lumpur, Federal Territory of Kuala Lumpur",50480,Solaris Dutamas,Kuala Lumpur,Wilayah Persekutuan,Food & Beverage,Outdoor seating,Vegetarian
Mercat Barcelona Gastrobar @1 Mont Kiara,"1 Mont' Kiara, 1, Jalan Kiara, Montkiara, 50480 Kuala Lumpur, Wilayah Persekutuan Kuala Lumpur",50480,Mont Kiara,Kuala Lumpur,Wilayah Persekutuan,Food & Beverage,Outdoor seating,None
Deen’s @ Publika,"Lot 4A, Level G3, Block C2, Publika Shopping Gallery, 1, Jln Solaris Dutamas, Solaris Dutamas, 50480 Kuala Lumpur, Wilayah Persekutuan Kuala Lumpur",50480,Solaris Dutamas,Kuala Lumpur,Wilayah Persekutuan,Food & Beverage,Outdoor seating,Carrier / Stroller
Fahrenheit 600 Cafe & Restaurant,"A4-G2,05, Publika Shopping Mall, 05, Jalan Dutamas 1, Solaris Dutamas, 50480 Kuala Lumpur, Federal Territory of Kuala Lumpur",50480,Solaris Dutamas,Kuala Lumpur,Wilayah Persekutuan,Food & Beverage,Outdoor seating,Within Publika
Fat Delights,"LG 1-08 163 Retail Park, 8, Jalan Kiara, Mont Kiara, 50480 Kuala Lumpur, Federal Territory of Kuala Lumpur",50480,163 Retail Park,Kuala Lumpur,Wilayah Persekutuan,Food & Beverage,Outdoor seating,Inside 163 Retail Park
Fin,"06, Block D3, Level G3 Publika, Jalan Dutamas 1, Solaris Dutamas, 50480 Kuala Lumpur, Federal Territory of Kuala Lumpur",50480,Solaris Dutamas,Kuala Lumpur,Wilayah Persekutuan,Food & Beverage,Outdoor seating,Within Publika
Healy Mac's Irish Bar & Restaurant (Solaris Dutamas),"Publika Shopping Gallery, Publika, Jalan Dutamas 1, Solaris Dutamas, 50480 Kuala Lumpur, Wilayah Persekutuan Kuala Lumpur",50480,Solaris Dutamas,Kuala Lumpur,Wilayah Persekutuan,Food & Beverage,Outdoor seating,Within Publika
Muska KL,"Lot G-03, Verve Shops, Jalan Kiara 5, Mont Kiara, 50480 Kuala Lumpur, Wilayah Persekutuan Kuala Lumpur",50480,Mont Kiara,Kuala Lumpur,Wilayah Persekutuan,Food & Beverage,Outdoor seating,None
Osteria Emilia KL,"Ground Floor (GF, 163 Retail Park, 19, Jalan Kiara, Mont Kiara, 50480 Kuala Lumpur, Wilayah Persekutuan Kuala Lumpur",50480,163 Retail Park,Kuala Lumpur,Wilayah Persekutuan,Food & Beverage,Outdoor seating,Inside 163 Retail Park
RIGHTSIDE FAST FOOD @ 163 MONT KIARA (formerly Amazonvegan),"UNIT GF-02, 163, Retail Park, Mont Kiara, 50480 Kuala Lumpur, Wilayah Persekutuan Kuala Lumpur",50480,163 Retail Park,Kuala Lumpur,Wilayah Persekutuan,Food & Beverage,Outdoor seating,Inside 163 Retail Park
"Shakariki 432""","〒50480 Wilayah Persekutuan Kuala Lumpur, Solaris Dutamas, Jalan Dutamas 1, D4-G3-5",50480,Solaris Dutamas,Kuala Lumpur,Wilayah Persekutuan,Food & Beverage,Outdoor seating,Within Publika
Thai Cup,"PUBLIKA SHOPPING GALLERY, D5-G3-1, Solaris Dutamas, 50480 Kuala Lumpur, Wilayah Persekutuan Kuala Lumpur",50480,Solaris Dutamas,Kuala Lumpur,Wilayah Persekutuan,Food & Beverage,Outdoor seating,Within Publika
The Bee @ Publika,"Lot 36B, Level G2, Block C, Publika, Jalan Dutamas 1, Solaris Dutamas, 50480 Kuala Lumpur",50480,Solaris Dutamas,Kuala Lumpur,Wilayah Persekutuan,Food & Beverage,Outdoor seating,Within Publika
The Fat Fish @163 Retail Park,"GF-06, 163 Retail Park, 8, Jalan Kiara, Mont Kiara, 50480 Kuala Lumpur, Wilayah Persekutuan Kuala Lumpur",50480,163 Retail Park,Kuala Lumpur,Wilayah Persekutuan,Food & Beverage,Outdoor seating,Inside 163 Retail Park
Tonkatsu by Ma Maison @ 163 Retail Park,"Lot GF - 03, 8, Jalan Kiara, Mont Kiara, 50480 Kuala Lumpur, Federal Territory of Kuala Lumpur",50480,163 Retail Park,Kuala Lumpur,Wilayah Persekutuan,Food & Beverage,Outdoor seating,Inside 163 Retail Park
Two Sons Bistro,"A4-G2-8 Publika, 1, Jalan Dutamas 1, Solaris Dutamas, 50480 Kuala Lumpur, Federal Territory of Kuala Lumpur",50480,Solaris Dutamas,Kuala Lumpur,Wilayah Persekutuan,Food & Beverage,Outdoor seating,Within Publika
Whisk Coffee @ 163 Retail Park,"GF-10, 163 Retail Park, Jalan Kiara, Mont Kiara, 50480 Kuala Lumpur, Wilayah Persekutuan Kuala Lumpur",50480,163 Retail Park,Kuala Lumpur,Wilayah Persekutuan,Food & Beverage,Outdoor seating,Inside 163 Retail Park
Ola! Korea Barbeque Garden,"J-01, 12, Jalan Solaris, Solaris Mont Kiara, 50480 Kuala Lumpur, Wilayah Persekutuan Kuala Lumpur",50480,Mont Kiara,Kuala Lumpur,Wilayah Persekutuan,Food & Beverage,Outdoor seating,None
Arete Kafe Jin Gwan Sunkyo,"Arete Cafe B-G-13 GATEWAY KIARAMAS, NO 1, Jalan Desa Kiara, Mont Kiara, 50480 Kuala Lumpur",50480,Mont Kiara,Kuala Lumpur,Wilayah Persekutuan,Food & Beverage,Indoor seating,None
BUSANZIP,"23-G, Jalan 26/70a, Desa Sri Hartamas, 50480 Kuala Lumpur, Wilayah Persekutuan Kuala Lumpur",50480,Hartamas,Kuala Lumpur,Wilayah Persekutuan,Food & Beverage,Indoor seating,Carrier / Stroller
Daorae Korean BBQ Restaurant | Desa Sri Hartamas,"27 & 29 Jalan 23/70 A, Sri Hartamas,, Desa Sri Hartamas, 50480 Kuala Lumpur, Wilayah Persekutuan Kuala Lumpur",50480,Hartamas,Kuala Lumpur,Wilayah Persekutuan,Food & Beverage,Indoor seating,Upstairs; Reservations required
Dongdaemun Dakhanmari [Korean Restaurant One Chicken Pot] 동대문 닭한마리,"K-G-5, 2, Jalan Solaris, Solaris Mont Kiara, 50480 Kuala Lumpur, Wilayah Persekutuan Kuala Lumpur",50480,Mont Kiara,Kuala Lumpur,Wilayah Persekutuan,Food & Beverage,Indoor seating; OUtdoor seating,None
Kofi by 77,"Shoplot 7, Vista Kiara, 5, Jalan Kiara 3, Mont Kiara, 50480 Kuala Lumpur, Federal Territory of Kuala Lumpur",50480,Mont Kiara,Kuala Lumpur,Wilayah Persekutuan,Food & Beverage,Indoor seating,None
Kopenhagen Coffee Mont Kiara,"Shoplot 7, Vista Kiara, 6 7, Jalan Kiara 3, Mont Kiara, 50480 Kuala Lumpur, Wilayah Persekutuan Kuala Lumpur",50480,Mont Kiara,Kuala Lumpur,Wilayah Persekutuan,Food & Beverage,Indoor seating,None
Madam Fish Noodle House,"G5, Mont' Kiara Meridin, 19, Jln Duta Kiara, Mont Kiara, 50480 Kuala Lumpur, Wilayah Persekutuan Kuala Lumpur",50480,Mont Kiara,Kuala Lumpur,Wilayah Persekutuan,Food & Beverage,Indoor seating; Outdoor seating,Indoor seating - small dogs; Carrier / Stroller; Outdoor seating - big dogs
Nguyen’s / Good Viet,"Unit 1F, 15, 8, Jalan Kiara, Mont Kiara, 50480 Kuala Lumpur, Federal Territory of Kuala Lumpur",50480,Mont Kiara,Kuala Lumpur,Wilayah Persekutuan,Food & Beverage,Indoor seating,Inside 163 Retail Park; Carrier / Stroller; Well behaved furkids only
PWRHOUSE FITNESS STUDIO,"1, Jalan 48/70a Level 1, Matahari Building, Desa Sri Hartamas, 50480 Kuala Lumpur",50480,Hartamas,Kuala Lumpur,Wilayah Persekutuan,Pet friendly gym,,None
Sanctuary 38,"38-1, Jalan 27/70a, Desa Sri Hartamas, 50480 Kuala Lumpur, Wilayah Persekutuan Kuala Lumpur",50480,Hartamas,Kuala Lumpur,Wilayah Persekutuan,Food & Beverage,Indoor seating,Upstairs
Qra @ Arcoris,"Lot LG5-1 & LG5-3A, Lower Ground 5 Level, Arcoris, 10, Jalan Kiara, Mont Kiara, 50480 Kuala Lumpur, Wilayah Persekutuan Kuala Lumpur",50480,Mont Kiara,Kuala Lumpur,Wilayah Persekutuan,Food & Beverage,Outdoor seating,None
Quack,"60 Jalan Sri Hartamas 1, Plaza Damas, Lot K-0-8B (Ground Floor), Dorchester Service Apartment, 50480 Kuala Lumpur, Wilayah Persekutuan Kuala Lumpur",50480,Hartamas,Kuala Lumpur,Wilayah Persekutuan,Food & Beverage,Outdoor seating,None
Ra-Ft Café / Bistro Arcoris | Coffee Roasters,"G-17, Ground Level, Arcoris Plaza, Unit G-16 &, 10, Jalan Kiara, Mont Kiara, 50480 Kuala Lumpur",50480,Mont Kiara,Kuala Lumpur,Wilayah Persekutuan,Food & Beverage,Outdoor seating,None
Real Sweet Treats @Plaza Damas 3,"C-0-15, Plaza Damas, 3, Jalan, Taman Sri Hartamas, 50480 Kuala Lumpur, Wilayah Persekutuan Kuala Lumpur",50480,Hartamas,Kuala Lumpur,Wilayah Persekutuan,Food & Beverage,Outdoor seating,None
Restaurant Udang King,"Seni Mont Kiara, LG1-5&6, 2A, Changkat Duta Kiara, Mont Kiara, 50480 Kuala Lumpur, Federal Territory of Kuala Lumpur",50480,Mont Kiara,Kuala Lumpur,Wilayah Persekutuan,Food & Beverage,Outdoor seating,None
"Sae Ma Eul BBQ, Solaris Mont Kiara","1, Jalan Solaris 4, Solaris Mont Kiara, 50480 Kuala Lumpur, Wilayah Persekutuan Kuala Lumpur",50480,Mont Kiara,Kuala Lumpur,Wilayah Persekutuan,Food & Beverage,Outdoor seating,None
Sala Desa Sri Hartamas,"A-G-3A Galeria Hartamas, No 21 , Jalan 26a/70a, Desa Sri Hartamas, 50480 Kuala Lumpur",50480,Hartamas,Kuala Lumpur,Wilayah Persekutuan,Food & Beverage,Outdoor seating,None
Sawadee Thai Ban Hao (Desa Sri Hartamas),"36, Jalan 27/70a, Desa Sri Hartamas, 50480 Kuala Lumpur, Wilayah Persekutuan Kuala Lumpur",50480,Hartamas,Kuala Lumpur,Wilayah Persekutuan,Food & Beverage,Outdoor seating,Upstairs
Sum Hou Bak Kut Teh,"7-G, 7-G, Jalan 22a/70a, Desa Sri Hartamas, 50480 Kuala Lumpur, Wilayah Persekutuan Kuala Lumpur",50480,Hartamas,Kuala Lumpur,Wilayah Persekutuan,Food & Beverage,Outdoor seating,None
The Beer Factory @ Hartamas,"76, Jalan 27/70a, Desa Sri Hartamas, 50480 Kuala Lumpur, Wilayah Persekutuan Kuala Lumpur",50480,Hartamas,Kuala Lumpur,Wilayah Persekutuan,Food & Beverage,Outdoor seating,None
The Butcher’s Table @ Sri Hartamas,"11, Jalan Sri Hartamas 7, Taman Sri Hartamas, 50480 Kuala Lumpur, Wilayah Persekutuan Kuala Lumpur",50480,Hartamas,Kuala Lumpur,Wilayah Persekutuan,Food & Beverage,Outdoor seating,None
The Majapahit @ Arcoris,"Lot No. G8, G9 & G10, G Level, ARCORIS, 10, Jalan Kiara, Mont Kiara, 50480 Kuala Lumpur, Wilayah Persekutuan Kuala Lumpur",50480,Mont Kiara,Kuala Lumpur,Wilayah Persekutuan,Food & Beverage,Outdoor seating,None
The Midnight Baker,"LG 1-3, Seni Mont Kiara, Mont Kiara, 50480 Kuala Lumpur",50480,Mont Kiara,Kuala Lumpur,Wilayah Persekutuan,Food & Beverage,Outdoor seating,None
Wellcraft Beerhouse,"20, Jalan 28/70a, Desa Sri Hartamas, 50480 Kuala Lumpur, Wilayah Persekutuan Kuala Lumpur",50480,Hartamas,Kuala Lumpur,Wilayah Persekutuan,Food & Beverage,Outdoor seating,None
Syarikat Hor Kee 荷记公司 @ Desa Sri Hartamas,"12, Jalan 27/70a, Desa Sri Hartamas, 50480 Kuala Lumpur, Wilayah Persekutuan Kuala Lumpur",50480,Hartamas,Kuala Lumpur,Wilayah Persekutuan,Food & Beverage,Outdoor seating,None
#FIVE Cycle Run Cafe,"43, Jalan Medan Setia 1, Bukit Damansara, 50490 Kuala Lumpur, Wilayah Persekutuan Kuala Lumpur",50490,Bukit Damansara,Kuala Lumpur,Wilayah Persekutuan,Food & Beverage,Outdoor seating,None
baBulan KL,"67, Jalan Setia Bakti, Bukit Damansara, 50490 Kuala Lumpur, Wilayah Persekutuan Kuala Lumpur",50490,Bukit Damansara,Kuala Lumpur,Wilayah Persekutuan,Food & Beverage,Outdoor seating,None
Char Line Asado + Bar,"Plaza Damansara, 43, Ground Floor, Jalan Medan Setia 1, Bukit Damansara, 50490 Kuala Lumpur",50490,Bukit Damansara,Kuala Lumpur,Wilayah Persekutuan,Food & Beverage,Outdoor seating,None
DV Ristorante Pizzeria,"77, Jalan Setia Bakti, Bukit Damansara, 50490 Kuala Lumpur, Wilayah Persekutuan Kuala Lumpur",50490,Bukit Damansara,Kuala Lumpur,Wilayah Persekutuan,Food & Beverage,Outdoor seating,None
Huckleberry Damansara Heights,"Plaza Damansara, 2G & 4G, Jalan Medan Setia 2, Bukit Damansara, 50490 Kuala Lumpur",50490,Bukit Damansara,Kuala Lumpur,Wilayah Persekutuan,Food & Beverage,Outdoor seating,None
Limóne,"Plaza Zúrich, Block A Lot G01-03, Jalan Gelenggang, Bukit Damansara, 50490 Kuala Lumpur, Wilayah Persekutuan Kuala Lumpur",50490,Bukit Damansara,Kuala Lumpur,Wilayah Persekutuan,Food & Beverage,Outdoor seating,None
Meat The Porkers,"9M, Jalan Medan Setia 1, Bukit Damansara, 50490 Kuala Lumpur, Wilayah Persekutuan Kuala Lumpur",50490,Bukit Damansara,Kuala Lumpur,Wilayah Persekutuan,Food & Beverage,Outdoor seating,None
Nourish by Kenny Hills Bakers,"The Five, Kompleks Pejabat Damansara, AG-05-02 5th Place @, 49, Jalan Dungun, Bukit Damansara, 50490 Kuala Lumpur, Wilayah Persekutuan Kuala Lumpur",50490,Bukit Damansara,Kuala Lumpur,Wilayah Persekutuan,Food & Beverage,Outdoor seating,None
Black Salt @ Semantan,"Block B, 10 Semantan Service Suite, B-0-7, East Wing, 10, Jalan Semantan, Bukit Damansara, 50490 Kuala Lumpur, Wilayah Persekutuan Kuala Lumpur",50490,Bukit Damansara,Kuala Lumpur,Wilayah Persekutuan,Food & Beverage,Indoor seating,None
Kura's Krafts,"8-3, Jalan Batai, Plaza Batai, Bukit Damansara, 50490 Kuala Lumpur",50490,Bukit Damansara,Kuala Lumpur,Wilayah Persekutuan,Food & Beverage,Indoor seating; Outdoor seating,None
Paolo Paolo Gelato,"E-GF-01, No.49, Jalan Dungun, Bukit Damansara, 50490 Kuala Lumpur",50490,Bukit Damansara,Kuala Lumpur,Wilayah Persekutuan,Food & Beverage,Indoor seating,Carrier / Stroller
Restoran Yum Me Place,"7, Jalan Batai, Bukit Damansara, 50490 Kuala Lumpur, Wilayah Persekutuan Kuala Lumpur",50490,Bukit Damansara,Kuala Lumpur,Wilayah Persekutuan,Food & Beverage,Outdoor seating,None
Sam's @ Batai,"No.8, 4, Jalan Batai, Plaza Batai, 50490 Kuala Lumpur, Federal Territory of Kuala Lumpur",50490,Bukit Damansara,Kuala Lumpur,Wilayah Persekutuan,Food & Beverage,Outdoor seating,None
Sid's Pub @ Plaza Damansara,"Plaza Damansara, 10, Jalan Medan Setia 2, Bukit Damansara, 50490 Kuala Lumpur, Wilayah Persekutuan Kuala Lumpur",50490,Bukit Damansara,Kuala Lumpur,Wilayah Persekutuan,Food & Beverage,Outdoor seating,None
Smith - Breadsmith & Cafe,"71, Jalan Setia Bakti, Bukit Damansara, 50490 Kuala Lumpur, Wilayah Persekutuan Kuala Lumpur",50490,Bukit Damansara,Kuala Lumpur,Wilayah Persekutuan,Food & Beverage,Outdoor seating,None
"The Sticky Wicket, Cricketers' Pub","34, Plaza Damansara,, Jalan Medan Setia 2, Bukit Damansara, 50490 Kuala Lumpur, Wilayah Persekutuan Kuala Lumpur",50490,Bukit Damansara,Kuala Lumpur,Wilayah Persekutuan,Food & Beverage,Outdoor seating,None
Via Pre KL Italian restaurant,"25, Lorong Setiabistari 2, Bukit Damansara, 50490 Kuala Lumpur, Wilayah Persekutuan Kuala Lumpur",50490,Bukit Damansara,Kuala Lumpur,Wilayah Persekutuan,Food & Beverage,Outdoor seating,None
Yellow Brick Road,"Kompleks Pejabat Damansara, Lot A-GF-03, 5th Place @ The Five No.49, Kompleks Pejabat Damansara, Jalan Dungun, Bukit Damansara, 50490 Kuala Lumpur, Wilayah Persekutuan Kuala Lumpur",50490,Bukit Damansara,Kuala Lumpur,Wilayah Persekutuan,Food & Beverage,Outdoor seating,None
The Meat Experts Restaurant,"Lot No, 9, Lorong Setiabistari 2, Bukit Damansara, 50490 Kuala Lumpur, Wilayah Persekutuan Kuala Lumpur",50490,Bukit Damansara,Kuala Lumpur,Wilayah Persekutuan,Food & Beverage,Outdoor seating,None
No.10 Cafe,"No.800, Jalan Sentul G-20, Bangunan Perdagangan D7 51000, Sentul, Kuala Lumpur",51000,Sentul,Kuala Lumpur,Wilayah Persekutuan,Food & Beverage,Outdoor seating,None
Hoi Kee Restaurant (Coffee Shop,"No.1, Jalan Segambut Selatan, Taman Segambut, 51200 Kuala Lumpur, Wilayah Persekutuan Kuala Lumpur",51200,Segambut,Kuala Lumpur,Wilayah Persekutuan,Food & Beverage,Outdoor seating,None
Fingerprint Cafe,"2-1, Jalan 17/42, Taman Kok Doh, Segambut, 51200 Kuala Lumpur, Wilayah Persekutuan",51200,Segambut,Kuala Lumpur,Wilayah Persekutuan,Food & Beverage,Indoor seating,Upstairs
Chai Ung Food Court 财运美食中心,"Lot 42858, Jalan 20/38a, Taman Sri Sinar, 51200 Kuala Lumpur, Wilayah Persekutuan Kuala Lumpur",51200,Taman Sri Sinar / Kepong,Kuala Lumpur,Wilayah Persekutuan,Food & Beverage,Outdoor seating,Food court
Copo Pizzeria,"Rivercity 3rd Mile Lot TDE-C, Trellis Area @ Block D, Jalan Ipoh, 51200 Kuala Lumpur",51200,Jalan Ipoh,Kuala Lumpur,Wilayah Persekutuan,Food & Beverage,Outdoor seating,None
Ho Chiak Seafood Restaurant,"39, Jalan 6/38d, Taman Sri Sinar, 51200 Kuala Lumpur, Wilayah Persekutuan Kuala Lumpur",51200,Taman Sri Sinar / Kepong,Kuala Lumpur,Wilayah Persekutuan,Food & Beverage,Outdoor seating,None
Ipoh Road Yong Tow Foo 怡保路,"1091, Batu 3, Jalan Ipoh, 51200 Kuala Lumpur, Federal Territory of Kuala Lumpur",51200,Jalan Ipoh,Kuala Lumpur,Wilayah Persekutuan,Food & Beverage,Outdoor seating,None
Jalan Ipoh Fish Head Mihun,"23, Jalan Mangga, Jalan Ipoh, 51200 Kuala Lumpur, Wilayah Persekutuan Kuala Lumpur",51200,Jalan Ipoh,Kuala Lumpur,Wilayah Persekutuan,Food & Beverage,Outdoor seating,None
Kedai Kopi Mee Bon 米文包饺,"491, Jalan Sultan Azlan Shah, Taman Million, 51200 Kuala Lumpur, Wilayah Persekutuan Kuala Lumpur",51200,Jalan Ipoh,Kuala Lumpur,Wilayah Persekutuan,Food & Beverage,Outdoor seating,None
Lui Kopitiam & Cafe,"4-1, Jalan Batu Ambar, Taman Kok Lian, 51200 Kuala Lumpur, Wilayah Persekutuan Kuala Lumpur",51200,Jalan Ipoh,Kuala Lumpur,Wilayah Persekutuan,Food & Beverage,Outdoor seating,None
Mille Caffe,"10, Jalan LANG EMAS G-08 , UNITED POINT, Kepong, 51200 Kuala Lumpur, Wilayah Persekutuan Kuala Lumpur",51200,Kepong,Kuala Lumpur,Wilayah Persekutuan,Food & Beverage,Outdoor seating,None
Taste of Thai 泰滋味,"G-22, Ground Floor, United Point Mall, Jalan Lang Emas, Taman Segambut Aman, 51200 Kuala Lumpur, Wilayah Persekutuan Kuala Lumpur",51200,United Point Mall / Kepong,Kuala Lumpur,Wilayah Persekutuan,Food & Beverage,Outdoor seating,None
Pokemon Noodle House,"39, Jalan 6/38d, Taman Sri Sinar, 51200 Kuala Lumpur, Wilayah Persekutuan Kuala Lumpur",51200,Taman Sri Sinar / Kepong,Kuala Lumpur,Wilayah Persekutuan,Food & Beverage,Outdoor seating,None
B5 Cuisine Cafe,"4A, Jalan Batu Ambar, Taman Kok Lian, 51200 Kuala Lumpur, Wilayah Persekutuan Kuala Lumpur",51200,Jalan Ipoh,Kuala Lumpur,Wilayah Persekutuan,Food & Beverage,Indoor seating,Upstairs
Fingerprint Cafe,"2-1, Jalan 17/42, Taman Kok Doh, Segambut, 51200 Kuala Lumpur, Wilayah Persekutuan",51200,Segambut,Kuala Lumpur,Wilayah Persekutuan,Food & Beverage,Indoor seating,Upstairs; diapers required
Restaurant Sun Kar Hee (新嘉喜),"28, Jalan Manjoi, Taman Kok Lian, 51200 Batu 5, Wilayah Persekutuan Kuala Lumpur",51200,Jalan Ipoh,Kuala Lumpur,Wilayah Persekutuan,Food & Beverage,Outdoor seating,None
Laos thai 5 to 9 老泰私房小厨 HQ segambut,"69, Jalan Segambut Pusat, Taman Segambut, 51200 Kuala Lumpur, Wilayah Persekutuan",51200,Segambut,Kuala Lumpur,Wilayah Persekutuan,Food & Beverage,Indoor seating; Outdoor seating,Carrier / Stroller
Sae Mee Korea,"52, Jalan 6/38d, Taman Sri Sinar, 51200 Kuala Lumpur, Wilayah Persekutuan Kuala Lumpur",51200,Taman Sri Sinar / Kepong,Kuala Lumpur,Wilayah Persekutuan,Food & Beverage,Indoor seating,Carrier / Stroller
Restoran Win Hing / Kah Hin,"35, Plaza, Jalan 6/38d, Taman Sri Sinar, 51200 Kuala Lumpur, Wilayah Persekutuan Kuala Lumpur",51200,Taman Sri Sinar / Kepong,Kuala Lumpur,Wilayah Persekutuan,Food & Beverage,Outdoor seating,None
The Balsa Eatery,"D-1, LOT 14070, Jalan 16/42, Taman Kok Doh, 51200 Kuala Lumpur, Wilayah Persekutuan Kuala Lumpur",51200,Kepong,Kuala Lumpur,Wilayah Persekutuan,Food & Beverage,Outdoor seating,None
THE KYANPU キャンプ Yakiniku Japanese BBQ Grill @ Segambut,"Rain Tree Rain, The ERA @ Duta North (Residensi Era, Jalan Segambut, Kawasan Perusahaan Segambut, 51200 Kuala Lumpur, Wilayah Persekutuan Kuala Lumpur",51200,Segambut,Kuala Lumpur,Wilayah Persekutuan,Food & Beverage,Outdoor seating,None
Third Mile Rivercity,"Lot G-17 Block G, Rivercity, Jalan Sultan Azlan Shah, 51200 Kuala Lumpur, Federal Territory of Kuala Lumpur",51200,Jalan Ipoh,Kuala Lumpur,Wilayah Persekutuan,Food & Beverage,Outdoor seating,None
Xan Ling Segambut,"Lrg Arfah 3, Segambut, 51200 Kuala Lumpur, Wilayah Persekutuan Kuala Lumpur",51200,Segambut,Kuala Lumpur,Wilayah Persekutuan,Food & Beverage,Outdoor seating,None
Bakuteh Hingkee Kepong,"LOT 3541-A, Jalan Kepong Batu 7, 52000 Kuala Lumpur",52000,Kepong,Kuala Lumpur,Wilayah Persekutuan,Food & Beverage,Outdoor seating,None
Chang Cheng 8 Kopitiam (Branch),"1, Jalan Vista Mutiara 1, Tsi Business & Industrial Park, 52000 Kuala Lumpur, Wilayah Persekutuan Kuala Lumpur",52000,Kepong,Kuala Lumpur,Wilayah Persekutuan,Food & Beverage,Outdoor seating,None
,,,,,,,,
hai Garden Village Seafood & BBQ,"Lot 32713, 6 1/2 Mile, Jln Kepong, 52000 Kuala Lumpur",52000,Jinjang,Kuala Lumpur,Wilayah Persekutuan,Food & Beverage,Indoor seating,None
Yin’s Sourdough Bakery & Cafe (Kiara Bay),"No G-21, Kiara Bay, Persiaran Putra Bayu, Kepong Metropolitan Lake-garden, 52000 Kuala Lumpur, Federal Territory of Kuala Lumpur",52000,Kepong,Kuala Lumpur,Wilayah Persekutuan,Food & Beverage,Indoor seating,None
Soon Fatt Kei Pork Ball Noodles,"2042, Jalan Jinjang Aman 2, Jinjang Utara, 52000 Kuala Lumpur, Wilayah Persekutuan Kuala Lumpur",52000,Jinjang,Kuala Lumpur,Wilayah Persekutuan,Food & Beverage,Outdoor seating,None
Thai Garden Village Seafood & BBQ,"Lot 32713, 6 1/2 Mile, Jalan Kepong, 52000 Kuala Lumpur",52000,Kepong,Kuala Lumpur,Wilayah Persekutuan,Food & Beverage,Outdoor seating,None
The Pink Elephant - Thai BBQ & Steamboat (Kepong/Jinjang Branch),"71-54 & 72, 56, Jalan Kepong, Jinjang Selatan, 52000 Kuala Lumpur, Wilayah Persekutuan Kuala Lumpur",52000,Kepong,Kuala Lumpur,Wilayah Persekutuan,Food & Beverage,Outdoor seating,None
Fat Yoong Restaurant 肥仔炭烧叉烧云吞面,"Fortune Avenue, Condo, Jalan Metro Perdana 2, Taman Usahawan Kepong, 52100 Kuala Lumpur, Wilayah Persekutuan Kuala Lumpur",52100,Kepong,Kuala Lumpur,Wilayah Persekutuan,Food & Beverage,Outdoor seating,None
Fujisawa Izakaya 藤泽居酒屋@Kepong,"21, Jalan Metro Perdana Barat 1, Taman Usahawan Kepong, 52100 Kuala Lumpur, Wilayah Persekutuan Kuala Lumpur",52100,Kepong,Kuala Lumpur,Wilayah Persekutuan,Food & Beverage,Outdoor seating,Upstairs
Hing Kee Bakuteh 兴记肉骨茶 (甲洞大街) Jalan Kepong,"121, Jalan Kepong, Metro Prima, 52100 Kuala Lumpur, Wilayah Persekutuan Kuala Lumpur",52100,Kepong,Kuala Lumpur,Wilayah Persekutuan,Food & Beverage,Outdoor seating,None
Ka Ka Bak Kut Teh,"Jalan 1/32a, Kepong Baru, 52100 Kuala Lumpur, Wilayah Persekutuan Kuala Lumpur",52100,Kepong,Kuala Lumpur,Wilayah Persekutuan,Food & Beverage,Outdoor seating,None
Kim & Savini Cafe,"11A TKT, 1, Jalan Ambong Kiri 2, Kepong Baru, 52100 Kuala Lumpur, Wilayah Persekutuan Kuala Lumpur",52100,Kepong,Kuala Lumpur,Wilayah Persekutuan,Food & Beverage,Outdoor seating,None
Oh Cafe,"556, Residensi pano, 2, Jln Ipoh, Batu Complex Bussiness Centre, 52100 Kuala Lumpur, Federal Territory of Kuala Lumpur",52100,Jalan Ipoh,Kuala Lumpur,Wilayah Persekutuan,Food & Beverage,Outdoor seating,None
Full Round Cafe,"10A, Jalan Desa 2/7, Desa Aman Puri, 52100 Kuala Lumpur, Selangor",52100,Desa Aman Puri,Kuala Lumpur,Wilayah Persekutuan,Food & Beverage,Outdoor seating,None
Honmono Izakaya Japanese Restaurant @ United Point,"Unit G-19, United Point Mall, 10, Jalan Lang Emas, Taman Segambut Aman, 52100 Kuala Lumpur, Wilayah Persekutuan Kuala Lumpur",52100,United Point Mall / Kepong,Kuala Lumpur,Wilayah Persekutuan,Food & Beverage,Outdoor seating,None
Thai Bear Mookata Buffet,"No 1-1, Jalan E 3/7A Taman Ehsan, Kepong, 52100 Kuala Lumpur",52100,Taman Ehsan,Kuala Lumpur,Wilayah Persekutuan,Food & Beverage,Outdoor seating,Reservations required
Vergine Cafe,"3-25, Jalan Desa 2/4, Desa Aman Puri, 52100 Kuala Lumpur, Wilayah Persekutuan",52100,Desa Aman Puri,Kuala Lumpur,Wilayah Persekutuan,Food & Beverage,Outdoor seating,None
华人佳茶餐馆 Restoran Hwa Yan Kai,"24, Jalan Desa 2/2, Desa Aman Puri, 52100 Kuala Lumpur, Selangor",52100,Desa Aman Puri,Kuala Lumpur,Wilayah Persekutuan,Food & Beverage,Outdoor seating,None
Restoran Heng Kee Delights Bak Kut Teh 兴记肉骨茶,"No 31, Jalan 3/62a, Bandar Menjalara, 52100 Kuala Lumpur, Wilayah Persekutuan Kuala Lumpur",52100,Bandar Menjalara / Kepong,Kuala Lumpur,Wilayah Persekutuan,Food & Beverage,Outdoor seating,None
DUDDELLS LEWISGENE COFFEE ROASTERY,"G07, Residensi Perdana, Jalan Metro Perdana Barat, Kepong, 52100 Kuala Lumpur, Wilayah Persekutuan Kuala Lumpur",52100,Kepong,Kuala Lumpur,Wilayah Persekutuan,Food & Beverage,Indoor seating,None
Restoran Super Kitchen Chilli Pan Mee 辣椒板面 (Kepong),"18, Jalan Metro Perdana 8, Taman Usahawan, 52100 Kuala Lumpur, Wilayah Persekutuan Kuala Lumpur",52100,Kepong,Kuala Lumpur,Wilayah Persekutuan,Food & Beverage,Outdoor seating,None
Kedai Kopi Hang Yoon 幸运茶室,"Wilayah Persekutuan Kuala Lumpur, Seri Edaran Light Industrial Park, Jalan 11/34B邮政编码: 52100",52100,Kepong,Kuala Lumpur,Wilayah Persekutuan,Food & Beverage,Indoor seating,None
Snooze @ Kepong’gi Square,"G-01,G-02, G-03, Kepong'Gi Square, Jalan Rimbunan Teratai 4, Taman Usahawan, 52100 Kepong, Wilayah Persekutuan Kuala Lumpur",52100,Kepong,Kuala Lumpur,Wilayah Persekutuan,Food & Beverage,Outdoor seating,None
Ring Zhi Vegetarian Restaurant,"2, Jalan Prima 8, Metro Prima, 52100 Kuala Lumpur, Wilayah Persekutuan Kuala Lumpur",52100,Kepong,Kuala Lumpur,Wilayah Persekutuan,Food & Beverage,Outdoor seating,Vegetarian
Restoran 32,"jalan2/1A Indah kepong, Taman Kepong, 52100 Kuala Lumpur, Federal Territory of Kuala Lumpur",52100,Kepong,Kuala Lumpur,Wilayah Persekutuan,Food & Beverage,Indoor seating,None
Taiwanese House 臺式老屋 @ Kepong,"17, Floor G Jalan 2/33b off jalan kepong BT6 1/2, section, Mwe Kepong Commercial Park, 52100 Kuala Lumpur, Wilayah Persekutuan Kuala Lumpur",52100,Kepong,Kuala Lumpur,Wilayah Persekutuan,Food & Beverage,Indoor seating; Outdoor seating,None
Thai ​Chef​ Restaurant​ Kepong,"Fortune Avenue, D-G16 Jalan Metro Perdana 3, Taman Usahawan Kepong, 52100 Kuala Lumpur, Federal Territory of Kuala Lumpur",52100,Kepong,Kuala Lumpur,Wilayah Persekutuan,Food & Beverage,Indoor seating; Outdoor seating,None
SōFluffy,"2nd floor, 16-2, Jalan 7/36, Bukit Seri Bintang, 52100 Kuala Lumpur, Federal Territory of Kuala Lumpur",52100,Taman Sri Bintang / Kepong,Kuala Lumpur,Wilayah Persekutuan,Food & Beverage,Indoor Seating,Upstairs
台好甲 Tai Ho Jiak - Kepong,"82-G, Jalan Rimbunan Raya, Laman Rimbunan, Kepong, 52100 Kuala Lumpur",52100,Kepong,Kuala Lumpur,Wilayah Persekutuan,Food & Beverage,Indoor seating,None
Sam Gor Kopitiam,"39, Jalan Development, Taman Kepong, 52100 Kuala Lumpur, Wilayah Persekutuan Kuala Lumpur",52100,Kepong,Kuala Lumpur,Wilayah Persekutuan,Food & Beverage,Outdoor seating,None
Shiawase Barbecue House 郃樂烧烤屋,"31, Jalan Ambong 3, Kepong Baru, 52110 Kuala Lumpur, Wilayah Persekutuan Kuala Lumpur",52100,Kepong,Kuala Lumpur,Wilayah Persekutuan,Food & Beverage,Outdoor seating,None
Foong Yet Restaurant,"35, Jalan Seri Bintang 2, Taman Sri Bintang, 52100 Kuala Lumpur, Wilayah Persekutuan Kuala Lumpur",52100,Taman Sri Bintang / Kepong,Kuala Lumpur,Wilayah Persekutuan,Food & Beverage,Outdoor seating,None
Restoran Double Seven,"53 & 55, Jalan 3/36, Taman Sri Bintang, 52100 Kuala Lumpur, Wilayah Persekutuan Kuala Lumpur",52100,Taman Sri Bintang / Kepong,Kuala Lumpur,Wilayah Persekutuan,Food & Beverage,Outdoor seating,None
Trendz Veg Cafe 潮素港味,"Unit G-2, Ground Floor, Suria @ North Kiara, 10, Jalan Seri Bintang, Segambut, 52100 Kuala Lumpur, Wilayah Persekutuan Kuala Lumpur",52100,Taman Sri Sinar / Kepong,Kuala Lumpur,Wilayah Persekutuan,Food & Beverage,Outdoor seating,Vegetarian
大将 Taisho Lamb Pot,"No 17, jalan 4/62a, Bandar menjalara, Kepong, 52100 Kuala Lumpur",52100,Bandar Menjalara / Kepong,Kuala Lumpur,Wilayah Persekutuan,Food & Beverage,Outdoor seating,None
Thai Taste Yum,"no16, Jalan Metro Perdana Timur 4, Taman Usahawan Kepong, 52100 Kuala Lumpur, Wilayah Persekutuan Kuala Lumpur",52100,Kepong,Kuala Lumpur,Wilayah Persekutuan,Food & Beverage,Outdoor seating,None
茗香海鲜饭店 Min Xiang Seafood Restaurant,"8, Jalan Prima 8, Metro Prima, 52100 Kuala Lumpur, Wilayah Persekutuan Kuala Lumpur",52100,Kepong,Kuala Lumpur,Wilayah Persekutuan,Food & Beverage,Outdoor seating,
Fluffed Cafe @ Waterfront Desa Parkcity,"Waterfront, FF-08, Desa Parkcity, 52200 Kuala Lumpur, Wilayah Persekutuan Kuala Lumpur",52200,Waterfront,Desa Park City,Wilayah Persekutuan,Food & Beverage,Outdoor seating,None
Beam,"25, Jalan Gangsa SD 5/3b, Bandar Sri Damansara, 52200 Kuala Lumpur, Wilayah Persekutuan Kuala Lumpur",52200,Bandar Sri Damansara,Kuala Lumpur,Wilayah Persekutuan,Food & Beverage,Outdoor seating,None
Kuihme,"14g, Jalan Ara SD 7/3a, Bandar Sri Damansara, 52200 Petaling Jaya, Selangor",52200,Bandar Sri Damansara,Kuala Lumpur,Wilayah Persekutuan,Food & Beverage,Indoor seating,None
103 Coffee - Waterfront @ Park city,"FF03A-5, The Waterfront @ Park City, 5, Persiaran Residen, Desa Parkcity, 52200 Kuala Lumpur, Wilayah Persekutuan Kuala Lumpur",52200,Waterfront,Desa Park City,Wilayah Persekutuan,Food & Beverage,Outdoor seating,None
8 ParkCity Restaurant,"69, Jalan Medan Putra 1, Medan Putra Bussiness Centre, 52200 Kuala Lumpur, Wilayah Persekutuan Kuala Lumpur",52200,Bandar Menjalara / Kepong,Kuala Lumpur,Wilayah Persekutuan,Food & Beverage,Outdoor seating,None
Abang Adik Kopitiam,"4, Jalan 6/62a, Bandar Menjalara, 52200 Kuala Lumpur, Wilayah Persekutuan Kuala Lumpur",52200,Bandar Menjalara / Kepong,Kuala Lumpur,Wilayah Persekutuan,Food & Beverage,Outdoor seating,None
Awagyu Plaza Arkadia,"H-G-6, Plaza Arkadia, 3, Jalan Intisari, Desa Parkcity, 52200 Kuala Lumpur, Wilayah Persekutuan Kuala Lumpur",52200,Plaza Arkadia,Desa Park City,Wilayah Persekutuan,Food & Beverage,Outdoor seating,None
Baker Next Door,"FF-30, 1st Floor, 5, Persiaran Residen, Desa Parkcity, 52200 Kuala Lumpur, Federal Territory of Kuala Lumpur",52200,Waterfront,Desa Park City,Wilayah Persekutuan,Food & Beverage,Outdoor seating,None
Café Deli by El Mesón @ Desa ParkCity,"GF-05, The Waterfront @, 5, Persiaran Residen, Desa Parkcity, 52200 Kuala Lumpur, Federal Territory of Kuala Lumpur",52200,Waterfront,Desa Park City,Wilayah Persekutuan,Food & Beverage,Outdoor seating,None
CHATTEA Kopitiam,"25, Jalan 3/62a, Bandar Menjalara, 52200 Kepong, Wilayah Persekutuan Kuala Lumpur",52200,Bandar Menjalara / Kepong,Kuala Lumpur,Wilayah Persekutuan,Food & Beverage,Outdoor seating,None
Chinese Cooking 舌尖上的中国,"H-G-3a, PLAZA ARKADIA, Desa Parkcity, 52200 Kuala Lumpur, Wilayah Persekutuan Kuala Lumpur",52200,Plaza Arkadia,Desa Park City,Wilayah Persekutuan,Food & Beverage,Outdoor seating,None
D'Fortune Western Cuisine & Cafe,"Ground FLoor, No. 27 & 29, Jalan 3/62a, Pusat Bandar Menjalara, 52200 Kepong, Federal Territory of Kuala Lumpur",52200,Bandar Menjalara / Kepong,Kuala Lumpur,Wilayah Persekutuan,Food & Beverage,Outdoor seating,None
DA NIU BAKE PIE 大牛烧饼 ( Light Dine In),"25, Jalan 11/62a, Bandar Menjalara, 52200 Kuala Lumpur, Wilayah Persekutuan Kuala Lumpur",52200,Bandar Menjalara / Kepong,Kuala Lumpur,Wilayah Persekutuan,Food & Beverage,Outdoor seating,None
Dekõri Dessert Cafe - Plaza Arkadia,"E-G-12, Block Eaton, Plaza Arkadia, No.3, Jalan Intisari Perdana, Desa Parkcity, 52200 Kuala Lumpur",52200,Plaza Arkadia,Desa Park City,Wilayah Persekutuan,Food & Beverage,Outdoor seating,None
DNS Bak Kut Teh Restaurant | 元帥肉骨茶| Restoran DNS Bak Kut Teh,"39, Jalan 11/62a, Bandar Menjalara, 52200 Kuala Lumpur, Wilayah Persekutuan Kuala Lumpur",52200,Bandar Menjalara / Kepong,Kuala Lumpur,Wilayah Persekutuan,Food & Beverage,Outdoor seating,None
Double One Restaurant | Restoran Double One,"Double One Restaurant, 87, Jalan 3/62a, Bandar Menjalara, 52200 Kuala Lumpur, Federal Territory of Kuala Lumpur",52200,Bandar Menjalara / Kepong,Kuala Lumpur,Wilayah Persekutuan,Food & Beverage,Outdoor seating,None
E Soo Hakka Cuisine . 二嫂客家酿豆腐 Plaza Arkadia,"E-G-03, Plaza Arkadia, Desa Parkcity, 52200 Kuala Lumpur, Wilayah Persekutuan Kuala Lumpur",52200,Plaza Arkadia,Desa Park City,Wilayah Persekutuan,Food & Beverage,Outdoor seating,None
Eatalia by Brava @The Waterfront Desa Parkcity,"FF-21A, First Floor, The Waterfront @Parkcity, Desa Parkcity, 52200 Kuala Lumpur",52200,Waterfront,Desa Park City,Wilayah Persekutuan,Food & Beverage,Outdoor seating,None
Fatt Kee Kepong Restaurant | Restoran Fatt Kee Kepong,"79, Jalan 5/62a, Bandar Menjalara, 52200 Kuala Lumpur, Wilayah Persekutuan Kuala Lumpur",52200,Bandar Menjalara / Kepong,Kuala Lumpur,Wilayah Persekutuan,Food & Beverage,Outdoor seating,None
Foo Fee (Menjalara),"41, Jalan 3/62a, Bandar Menjalara, 52200 Kuala Lumpur, Wilayah Persekutuan Kuala Lumpur",52200,Bandar Menjalara / Kepong,Kuala Lumpur,Wilayah Persekutuan,Food & Beverage,Outdoor seating,None
Golden Sweet Home Restaurant Sdn Bhd 创新茶餐室,"17, Jalan 9/62a, Bandar Menjalara, 52200 Kuala Lumpur, Wilayah Persekutuan Kuala Lumpur",52200,Bandar Menjalara / Kepong,Kuala Lumpur,Wilayah Persekutuan,Food & Beverage,Outdoor seating,None
Hainan Village Malayan Kopitiam (Menjalara),"8, Jalan 7A/62A, Bandar Menjalara, 52200 Kuala Lumpur, Wilayah Persekutuan Kuala Lumpur",52200,Bandar Menjalara / Kepong,Kuala Lumpur,Wilayah Persekutuan,Food & Beverage,Outdoor seating,None
Hama Japanese Dining,"F-G-7, Plaza Arkadia, 3, Jalan Intisari, Desa Parkcity, 52200 Kuala Lumpur, Wilayah Persekutuan Kuala Lumpur",52200,Plaza Arkadia,Desa Park City,Wilayah Persekutuan,Food & Beverage,Outdoor seating,None
Han'ei Kaya,"A-G-7, Plaza Arkadia, Jalan Intisari, Desa Parkcity, 52200 Kuala Lumpur, Wilayah Persekutuan Kuala Lumpur",52200,Plaza Arkadia,Desa Park City,Wilayah Persekutuan,Food & Beverage,Outdoor seating,None
HEYTEA (Desa ParkCity),"FF-07, The Waterfront@ParkCity, No 5, Persiaran Residen, Desa Parkcity, 52200 Kuala Lumpur, Wilayah Persekutuan Kuala Lumpur",52200,Waterfront,Desa Park City,Wilayah Persekutuan,Food & Beverage,Outdoor seating,None
HO HO 168 Kopitiam,"2, Jalan 4/62a, Bandar Menjalara, 52200 Kuala Lumpur, Wilayah Persekutuan Kuala Lumpur",52200,Bandar Menjalara / Kepong,Kuala Lumpur,Wilayah Persekutuan,Food & Beverage,Outdoor seating,None
Hometown Steamboat Restaurant,"71, Jalan 11/62a, Bandar Menjalara, 52200 Kuala Lumpur, Wilayah Persekutuan Kuala Lumpur",52200,Bandar Menjalara / Kepong,Kuala Lumpur,Wilayah Persekutuan,Food & Beverage,Outdoor seating,None
Hong Kong Noodle 洪记潮州粉面,"G-9 (VIM3), Menara Perniagaan Manjalara. 99, 6, Jalan Menjalara Idaman, Bandar Sri Menjalara, 52200 Kuala Lumpur, Wilayah Persekutuan Kuala Lumpur",52200,Bandar Menjalara / Kepong,Kuala Lumpur,Wilayah Persekutuan,Food & Beverage,Outdoor seating,None
Hookie Dookie Lounge & Bar,"G-G-13, Plaza Arkadia, No 3, Perdana, Jalan Intisari, Desa Parkcity, 52200 Kuala Lumpur",52200,Plaza Arkadia,Desa Park City,Wilayah Persekutuan,Food & Beverage,Outdoor seating,None
Huahanfeng Dongbei restaurant,"E-G-5, PLAZA ARKADIA, 3, Jalan Intisari, Desa Parkcity, 52200 Kuala Lumpur, Wilayah Persekutuan Kuala Lumpur",52200,Plaza Arkadia,Desa Park City,Wilayah Persekutuan,Food & Beverage,Outdoor seating,None
INNBar 壹霸 Arkadia,"A-G-3A, Plaza Arkadia, No.3, Jalan Intisari, Persiaran Perdana, Desa Parkcity, 52200 Kuala Lumpur, Federal Territory of Kuala Lumpur",52200,Plaza Arkadia,Desa Park City,Wilayah Persekutuan,Food & Beverage,Outdoor seating,None
Jaslyn Cakes Desa ParkCity,"FF-29, The Waterfront 6, Persiaran Residen, Desa Parkcity, 52200 Kuala Lumpur, Wilayah Persekutuan Kuala Lumpur",52200,Waterfront,Desa Park City,Wilayah Persekutuan,Food & Beverage,Outdoor seating,None
Jujube Vegetarian House - Menjalara Kepong Maluri,"20, Jalan 8/62a, Bandar Menjalara, 52200 Kuala Lumpur, Wilayah Persekutuan Kuala Lumpur",52200,Bandar Menjalara / Kepong,Kuala Lumpur,Wilayah Persekutuan,Food & Beverage,Outdoor seating,None
Kamiya Japanese Restaurant,"G-G-15, Ground Floor, Plaza Arkadia, No 3, Jalan Intisari Perdana, Desa Parkcity, 52200 Kuala Lumpur, Federal Territory of Kuala Lumpur",52200,Plaza Arkadia,Desa Park City,Wilayah Persekutuan,Food & Beverage,Outdoor seating,None
"Kenny Hills Bakers, Desa Park City","GF-33, 33A & 35 Waterfront, 5, Persiaran Residen, Desa Parkcity, 52200 Kuala Lumpur, Federal Territory of Kuala Lumpur",52200,Waterfront,Desa Park City,Wilayah Persekutuan,Food & Beverage,Outdoor seating,None
Kosa Coffee Plaza Arkadia,"G-G-11 Plaza Arkadia, No 3 Jalan Intisari Perdana, Desa Parkcity Desaparkcity, 52200 Kuala Lumpur",52200,Plaza Arkadia,Desa Park City,Wilayah Persekutuan,Food & Beverage,Outdoor seating,None
Lamei Hotpot VIP 辣妹火锅VIP(喷水池前Corner Lot）,"H-G-1 Block Hutton Plaza Arkadia, Desa Parkcity, 52200 Kuala Lumpur",52200,Plaza Arkadia,Desa Park City,Wilayah Persekutuan,Food & Beverage,Outdoor seating,None
Lamei Hotpot 辣妹火锅 (Corner Lot喷水池前)Plaza Arkadia,"H-G-16, Block Hutton, Plaza Arkadia No.3, Jalan Intisari Perdana, Desa Parkcity, 52200 Kuala Lumpur",52200,Plaza Arkadia,Desa Park City,Wilayah Persekutuan,Food & Beverage,Outdoor seating,None
M Cuisine (Plaza Arkadia),"B-G-3A, Plaza Arkadia, Jalan, Medan Residen, Desa Parkcity, 52200 Kuala Lumpur",52200,Plaza Arkadia,Desa Park City,Wilayah Persekutuan,Food & Beverage,Outdoor seating,None
Marina Hot Pot Menjalara码头豚骨火锅,"59, Jalan 3/62a, Bandar Menjalara, 52200 Kuala Lumpur, Wilayah Persekutuan Kuala Lumpur",52200,Bandar Menjalara / Kepong,Kuala Lumpur,Wilayah Persekutuan,Food & Beverage,Outdoor seating,None
Moim Modern Korean Cuisine @ The Waterfront,"FF-22, First Floor, The Waterfront@ParkCity, No. 5, Persiaran Residen, Desa Parkcity, 52200 Kuala Lumpur",52200,Waterfront,Desa Park City,Wilayah Persekutuan,Food & Beverage,Outdoor seating,None
Naughty Babe Dirty Duck @ Waterfront Desa ParkCity,"FF-21, First Floor, The Waterfront @ Parkcity, Desa Parkcity, 52200 Kuala Lumpur",52200,Waterfront,Desa Park City,Wilayah Persekutuan,Food & Beverage,Outdoor seating,None
Ni Ichi Sushi Japanese Restaurant,"53, Jalan 9/62a, Bandar Menjalara, 52200 Kuala Lumpur, Wilayah Persekutuan Kuala Lumpur",52200,Bandar Menjalara / Kepong,Kuala Lumpur,Wilayah Persekutuan,Food & Beverage,Outdoor seating,None
Onde Onde Desa Parkcity,"GF-03A, The Waterfront, Desa Parkcity, 52200 Kuala Lumpur",52200,Waterfront,Desa Park City,Wilayah Persekutuan,Food & Beverage,Outdoor seating,None
One Dish One Taste Chongqing Hotpot,"H-G-11, Plaza Arkadia, Jalan Residen 3, Desa Parkcity, 52200 Kuala Lumpur",52200,Plaza Arkadia,Desa Park City,Wilayah Persekutuan,Food & Beverage,Outdoor seating,None
A PARIS BAKEHOUSE,"B-G-19 & B-G-20 Ativo Plaza, Block B, No. 1 Jalan PJU 9/1, Damansara Avenue, PJU 9, Bandar Sri Damansara, 52200 Kuala Lumpur, Wilayah Persekutuan Kuala Lumpur",52200,Bandar Sri Damansara,Kuala Lumpur,Wilayah Persekutuan,Food & Beverage,Outdoor seating,None
Fook Yin Lau DA Square 福宴樓,"Damansara Avenue, 52200 Kuala Lumpur, Federal Territory of Kuala Lumpur",52200,Bandar Sri Damansara,Kuala Lumpur,Wilayah Persekutuan,Food & Beverage,Outdoor seating,None
Jiu Yi Cha Ji 九億茶記 (Bandar Sri Damansara),"1F-7, The Flo, Persiaran Perdana, Bandar Sri Damansara, 52200 Kuala Lumpur, Wilayah Persekutuan Kuala Lumpur",52200,Bandar Sri Damansara,Kuala Lumpur,Wilayah Persekutuan,Food & Beverage,Outdoor seating,
Reuben's Restaurant & Bar,"B-G-16, B-G-17 & B-G-18, Ativo Plaza Block B, No. 1, Jalan PJU 9/1, Damansara Avenue, Bandar Sri Damansara, 52200 Kuala Lumpur, Wilayah Persekutuan Kuala Lumpur",52200,Bandar Sri Damansara,Kuala Lumpur,Wilayah Persekutuan,Food & Beverage,Outdoor seating,None
The Hungry Beast Grill House,"1F-6, Pusat Komersial The FLO, Persiaran Perdana, Bandar Sri Damansara, 52200 Kuala Lumpur, Wilayah Persekutuan Kuala Lumpur",52200,Bandar Sri Damansara,Kuala Lumpur,Wilayah Persekutuan,Food & Beverage,Outdoor seating,None
Victoria25 cafe,"DA Square, Bandar Sri Damansara, 52200 Kuala Lumpur, Selangor",52200,Bandar Sri Damansara,Kuala Lumpur,Wilayah Persekutuan,Food & Beverage,Outdoor seating,None
Q House Bandar Menjalara,"52200, Federal Territory of Kuala Lumpur, Kuala Lumpur, Bandar Sri Menjalara, Jalan Menjalara Idaman, Unit 1.2 & 1.3",52200,Bandar Menjalara / Kepong,Kuala Lumpur,Wilayah Persekutuan,Food & Beverage,Outdoor seating,None
Restaurant Foo Hou Dim Sum,"Ground FLoor, Wisma Menjalara, Wisma Menjalara, No.16, Jalan 7A/62A, Bandar Menjalara, 52200 Kuala Lumpur",52200,Bandar Menjalara / Kepong,Kuala Lumpur,Wilayah Persekutuan,Food & Beverage,Outdoor seating,None
Restoran De' Champion Duck 冠军烧鸭叉烧小菜馆,"10, Jalan Medan Putra 3, Medan Putra Business Centre, 52200 Kuala Lumpur, Wilayah Persekutuan Kuala Lumpur",52200,Bandar Menjalara / Kepong,Kuala Lumpur,Wilayah Persekutuan,Food & Beverage,Outdoor seating,None
Restoran E So Yong Tou Foo,"E So Yong Tou Foo Restaurant, 55, Jalan 9/62a, Bandar Sri Menjalara, 52200 Kuala Lumpur, Federal Territory of Kuala Lumpur",52200,Bandar Menjalara / Kepong,Kuala Lumpur,Wilayah Persekutuan,Food & Beverage,Outdoor seating,None
Restoran Eden Dim Sum City,"Jalan 9/62a, Bandar Sri Menjalara, 52200 Kuala Lumpur, Wilayah Persekutuan Kuala Lumpur",52200,Bandar Menjalara / Kepong,Kuala Lumpur,Wilayah Persekutuan,Food & Beverage,Outdoor seating,None
Restoran Ful Lai Dim Sum 富徕包饺点心,"47&49, Jalan 3/62a, Bandar Sri Menjalara, 52200 Kuala Lumpur, Wilayah Persekutuan Kuala Lumpur",52200,Bandar Menjalara / Kepong,Kuala Lumpur,Wilayah Persekutuan,Food & Beverage,Outdoor seating,None
Restoran Golden Horse 金馬茶餐室,"Medan Putra Bussiness Centre, 52200 Kuala Lumpur, Federal Territory of Kuala Lumpur",52200,Bandar Menjalara / Kepong,Kuala Lumpur,Wilayah Persekutuan,Food & Beverage,Outdoor seating,None
Restoran HK 福氣茶餐室,"86, Jalan Medan Putra 3, Medan Putra Business Centre, 52200 Kuala Lumpur, Wilayah Persekutuan Kuala Lumpur",52200,Bandar Menjalara / Kepong,Kuala Lumpur,Wilayah Persekutuan,Food & Beverage,Outdoor seating,None
Restoran Kaw Kaw Pakkopi,"49, Jalan 9/62a, Bandar Menjalara, 52200 Kuala Lumpur, Wilayah Persekutuan Kuala Lumpur",52200,Bandar Menjalara / Kepong,Kuala Lumpur,Wilayah Persekutuan,Food & Beverage,Outdoor seating,None
Restoran Ketam Steamboat Seafood,"55, Jalan 11/62a, Bandar Sri Menjalara, 52200 Kuala Lumpur, Wilayah Persekutuan Kuala Lumpur",52200,Bandar Menjalara / Kepong,Kuala Lumpur,Wilayah Persekutuan,Food & Beverage,Outdoor seating,None
Restoran Siew Kee Pork Noodle 兆基猪肉粉,"34, Jalan Medan Putra 3, Medan Putra Bussiness Centre, 52200 Kuala Lumpur, Wilayah Persekutuan Kuala Lumpur",52200,Bandar Menjalara / Kepong,Kuala Lumpur,Wilayah Persekutuan,Food & Beverage,Outdoor seating,None
Rock Bottom Desa ParkCity,"A-G-8, Plaza Arkadia, No 3, Perdana, Jalan Intisari, Desa Parkcity, 52200 Kuala Lumpur",52200,Plaza Arkadia,Desa Park City,Wilayah Persekutuan,Food & Beverage,Outdoor seating,None
Big Tree Lin Kee Steamed Fish Head @Menjalara 大树头连记蒸鱼头,"12, Jalan 4/62a, Bandar Menjalara, 52200 Kuala Lumpur, Wilayah Persekutuan Kuala Lumpur",52200,Bandar Menjalara / Kepong,Kuala Lumpur,Wilayah Persekutuan,Food & Beverage,Outdoor seating,Seated near entrance
Sae Ma Eul BBQ Menjalara,"59, Jalan Medan Putra 1, Medan Putra Bussiness Centre, 52200 Kuala Lumpur, Wilayah Persekutuan Kuala Lumpur",52200,Bandar Menjalara / Kepong,Kuala Lumpur,Wilayah Persekutuan,Food & Beverage,Outdoor seating,None
Furkids Planet Plaza Arkadia,"F-1-13A, Perdana, Plaza Arkadia, 3, Jalan Intisari, Desa Parkcity, 52200 Kuala Lumpur, Wilayah Persekutuan Kuala Lumpur",52200,Plaza Arkadia,Desa Park City,Wilayah Persekutuan,Food & Beverage,Indoor seating,None
MadHatter Desserts,"26, Jalan Medan Putra 4, Medan Putra Business Centre, 52200 Kuala Lumpur, Wilayah Persekutuan Kuala Lumpur",52200,Bandar Menjalara / Kepong,Kuala Lumpur,Wilayah Persekutuan,Food & Beverage,Indoor seating,None
Mangkuk,"44, Jalan Medan Putra 3, Medan Putra Business Centre, 52200 Kuala Lumpur, Wilayah Persekutuan Kuala Lumpur",52200,Bandar Menjalara / Kepong,Kuala Lumpur,Wilayah Persekutuan,Food & Beverage,Indoor seating,Carrier / Stroller
Petsmore Plaza Arkadia,"E-G-10, PLAZA ARKADIA, NO. 3 JALAN INTISARI PERDANA, Desa Parkcity, 52200 Kuala Lumpur, Federal Territory of Kuala Lumpur",52200,Plaza Arkadia,Desa Park City,Wilayah Persekutuan,Activity,Swimming,Indoor swimming pool
Plaza Arkadia,"3, Jalan Intisari, Desa Parkcity, 52200 Kuala Lumpur, Wilayah Persekutuan Kuala Lumpur",52200,Plaza Arkadia,Desa Park City,Wilayah Persekutuan,Activity,,None
Rosso Pizza Wine Bar,"H-G-13, Hutton Plaza Arkadia, 3, Jalan Intisari, Desa Parkcity, 52200 Kuala Lumpur",52200,Plaza Arkadia,Desa Park City,Wilayah Persekutuan,Food & Beverage,Indoor seating; Outdoor seating,None
Sixteen Handcraft Dessert Cafe,"G3, M Suite, Lorong 5/62a, Bandar Menjalara, 52200 Kuala Lumpur",52200,Bandar Menjalara / Kepong,Kuala Lumpur,Wilayah Persekutuan,Food & Beverage,Indoor seating,Carrier / Stroller
The Central Park,"The Waterfront, Desapark City, 5, Persiaran Residen, Desa Parkcity, 52200 Kuala Lumpur, Federal Territory of Kuala Lumpur",52200,Waterfront,Desa Park City,Wilayah Persekutuan,Park,,None
The Stretch Clinic - Desa ParkCity,"FF-15, First Floor, The Waterfront @, 5, Persiaran Residen, Desa Parkcity, 52200 Kuala Lumpur, Wilayah Persekutuan Kuala Lumpur",52200,Waterfront,Desa Park City,Wilayah Persekutuan,Activity,None,None
Three Little Shiba Studio And Cafe,"G13, M Suite, Lorong 5/62a, Bandar Menjalara, 52200 Kuala Lumpur, Wilayah Persekutuan",52200,Bandar Menjalara / Kepong,Kuala Lumpur,Wilayah Persekutuan,Food & Beverage,Indoor seating,None
Sri Bintang Hill Trail,"Jalan 11/36, Taman Sri Bintang, 52200 Kuala Lumpur, Wilayah Persekutuan Kuala Lumpur",52200,Taman Sri Bintang / Kepong,Kuala Lumpur,Wilayah Persekutuan,Hiking,,None
Unreal Scene Studio & Cafe,"G-1-8, Plaza Arkadia, Desa Parkcity, 52200 Kuala Lumpur, Wilayah Persekutuan Kuala Lumpur",52200,Plaza Arkadia,Desa Park City,Wilayah Persekutuan,Activity,Photography studio,None
川二代 Chuan Er Dai,"D-G-10, Plaza Arkadia, 3, Jalan Intisari, Desa Parkcity, 52200 Kuala Lumpur, Wilayah Persekutuan Kuala Lumpur",52200,Plaza Arkadia,Desa Park City,Wilayah Persekutuan,Food & Beverage,Indoor seating; Outdoor seating,None
Si Si Nan Cun 四四南村 Plaza Arkadia,"No 3, Perdana, Plaza Arkadia, E-G-1, Jalan Intisari, Desa Parkcity, 52200 Kuala Lumpur, Wilayah Persekutuan Kuala Lumpur",52200,Plaza Arkadia,Desa Park City,Wilayah Persekutuan,Food & Beverage,Outdoor seating,None
Skinny Dip,"3, Jalan Medan Putra 3, Medan Putra Bussiness Centre, 52200 Kuala Lumpur, Wilayah Persekutuan Kuala Lumpur",52200,Bandar Menjalara / Kepong,Kuala Lumpur,Wilayah Persekutuan,Food & Beverage,Outdoor seating,None
Sottukkung Brothers Desa park,"A-G-6, Plaza Arkadia3, Jalan Intisari, Desa Parkcity, 52200 Kuala Lumpur, Wilayah Persekutuan Kuala Lumpur",52200,Plaza Arkadia,Desa Park City,Wilayah Persekutuan,Food & Beverage,Outdoor seating,None
Tai Tao steamboat,"Jalan 11/62a, Bandar Sri Menjalara, 52200 Kuala Lumpur, Wilayah Persekutuan Kuala Lumpur",52200,Bandar Menjalara / Kepong,Kuala Lumpur,Wilayah Persekutuan,Food & Beverage,Outdoor seating,None
Taipei Walker Cafe Desa Parkcity,"B-G-10 BELLAMY, PLAZA ARKADIA NO.3 intisari perdana, Desa Parkcity, 52200 Kuala Lumpur, Federal Territory of Kuala Lumpur",52200,Plaza Arkadia,Desa Park City,Wilayah Persekutuan,Food & Beverage,Outdoor seating,None
Tasty Porridge 品粥 @ Bandar Menjalara,"35, Jalan 3/62a, Bandar Menjalara, 52200 Kepong, Wilayah Persekutuan Kuala Lumpur",52200,Bandar Menjalara / Kepong,Kuala Lumpur,Wilayah Persekutuan,Food & Beverage,Outdoor seating,None
The Alley Plaza Arkadia Desa Park City,"E-G-12, Blok Eaton, Plaza Arkadia, No. 3, Jalan Intisari Perdana, Desa Parkcity, 52200 Kuala Lumpur",52200,Plaza Arkadia,Desa Park City,Wilayah Persekutuan,Food & Beverage,Outdoor seating,None
The Barn Desa ParkCity,"GF-01, The Waterfront @ Parkcity, 5, Persiaran Residen, Desa Parkcity, 52200 Kuala Lumpur",52200,Waterfront,Desa Park City,Wilayah Persekutuan,Food & Beverage,Outdoor seating,None
The Oriental Food Restaurant,"45-G, Jalan 3/62a, Bandar Menjalara, 52200 Kuala Lumpur, Wilayah Persekutuan Kuala Lumpur",52200,Bandar Menjalara / Kepong,Kuala Lumpur,Wilayah Persekutuan,Food & Beverage,Outdoor seating,None
The Social @ Desa ParkCity,"GF-02, The Waterfront@ParkCity, No.5, Persiaran Residen, Desa Parkcity, 52200 Kuala Lumpur",52200,Waterfront,Desa Park City,Wilayah Persekutuan,Food & Beverage,Outdoor seating,None
Teow Chow Seafood Restaurant | Restoran Teow Chow Seafood,"17, Jalan Seri Bintang 2, Taman Sri Bintang, 52200 Kuala Lumpur, Wilayah Persekutuan Kuala Lumpur",52200,Taman Sri Bintang / Kepong,Kuala Lumpur,Wilayah Persekutuan,Food & Beverage,Outdoor seating,None
Tuck Kee Ancient Taste 德记(老字号)炒粉分行,"45, Jalan 9/62a, Bandar Menjalara, 52200 Kuala Lumpur, Wilayah Persekutuan Kuala Lumpur",52200,Bandar Menjalara / Kepong,Kuala Lumpur,Wilayah Persekutuan,Food & Beverage,Outdoor seating,None
Uncle Chua's Prawn Noodle (Kepong Branch) 泉记虾面,"16, Jalan Medan Putra 4, Medan Putra Business Centre, 52200 Kuala Lumpur, Wilayah Persekutuan Kuala Lumpur",52200,Bandar Menjalara / Kepong,Kuala Lumpur,Wilayah Persekutuan,Food & Beverage,Outdoor seating,None
V88 Cafe & Bar,"GF-08D, Persiaran Residen The Waterfront, Desa Parkcity, 52200 Kuala Lumpur",52200,Waterfront,Desa Park City,Wilayah Persekutuan,Food & Beverage,Outdoor seating,None
Whimsical - Artisanal Gelato,"FF-17, The Waterfront, 5, Persiaran Residen, Desa Parkcity, 52200 Kuala Lumpur",52200,Waterfront,Desa Park City,Wilayah Persekutuan,Food & Beverage,Outdoor seating,None
Yayoi Malaysia (Desa Parkcity),"GF-08B, The Waterfront @ ParkCity, Persiaran Residen, Desa Parkcity, 52200 Kuala Lumpur",52200,Waterfront,Desa Park City,Wilayah Persekutuan,Food & Beverage,Outdoor seating,None
YIP KEE BAK KUT TEH 葉記肉骨茶,"34 Jalan Medan Putra 3 Medan Putra Business Centre, Bandar Menjalara, 52200 Kuala Lumpur, Wilayah Persekutuan Kuala Lumpur",52200,Bandar Menjalara / Kepong,Kuala Lumpur,Wilayah Persekutuan,Food & Beverage,Outdoor seating,None
YMY Mookata 夜唔夜之燒 Kao 你 Thai BBQ Buffet,"4-G, Jalan 4/62a, Bandar Menjalara, 52200 Kuala Lumpur, Wilayah Persekutuan Kuala Lumpur",52200,Bandar Menjalara / Kepong,Kuala Lumpur,Wilayah Persekutuan,Food & Beverage,Outdoor seating,None
Zen & Co Menjalara,"53, Jalan 3/62a, Bandar Menjalara, 52200 Kuala Lumpur, Wilayah Persekutuan Kuala Lumpur",52200,Bandar Menjalara / Kepong,Kuala Lumpur,Wilayah Persekutuan,Food & Beverage,Outdoor seating,None
创新茶餐室 Up Grade Restaurant,"17, Jalan 9/62a, Bandar Menjalara, 52200 Kuala Lumpur, Wilayah Persekutuan Kuala Lumpur",52200,Bandar Menjalara / Kepong,Kuala Lumpur,Wilayah Persekutuan,Food & Beverage,Outdoor seating,None
大排檔小炒 Seafood Restaurant,"G4, Plaza Menjalara, Bandar Menjalara, 52200 Kuala Lumpur, Federal Territory of Kuala Lumpur",52200,Bandar Menjalara / Kepong,Kuala Lumpur,Wilayah Persekutuan,Food & Beverage,Outdoor seating,None
大隻港 (茶餐廳)(HK Food Delight) Bandar Menjalara,"5, Jalan 11/62a, Bandar Sri Menjalara, 52200 Kuala Lumpur, Wilayah Persekutuan Kuala Lumpur",52200,Bandar Menjalara / Kepong,Kuala Lumpur,Wilayah Persekutuan,Food & Beverage,Outdoor seating,None
点都得 Dim Dou Duck @ Waterfront Desa Parkcity,"FF-20, The Waterfront, Desapark City, 5, Persiaran Residen, Desa Parkcity, 52200 Kuala Lumpur, Federal Territory of Kuala Lumpur",52200,Waterfront,Desa Park City,Wilayah Persekutuan,Food & Beverage,Outdoor seating,None
祥乐猪肉粉,"97, Jalan 11/62a, Bandar Menjalara, 52200 Kuala Lumpur, Wilayah Persekutuan Kuala Lumpur",52200,Bandar Menjalara / Kepong,Kuala Lumpur,Wilayah Persekutuan,Food & Beverage,Outdoor seating,None
銘记粥品 Ming Kee Porridge,"23, Jalan 3/62a, Bandar Menjalara, 52200 Kuala Lumpur, Wilayah Persekutuan Kuala Lumpur",52200,Bandar Menjalara / Kepong,Kuala Lumpur,Wilayah Persekutuan,Food & Beverage,Outdoor seating,None
Seoul Gukbap 1988,"A-G-10, Plaza arkadia, Jalan Residen 3, Desa Parkcity, 52200 Kuala Lumpur, Federal Territory of Kuala Lumpur",52200,Plaza Arkadia,Desa Park City,Wilayah Persekutuan,Food & Beverage,Outdoor seating,None
Bo Bo Restaurant,"22, Jalan 3/50c, Taman Setapak Indah Jaya, 53000 Kuala Lumpur, Wilayah Persekutuan Kuala Lumpur",53000,Setapak,Kuala Lumpur,Wilayah Persekutuan,Food & Beverage,Outdoor seating,None
KyaKushi Japanese Restaurant,"Shop 8 & 9, The Palette Hab Komersial, 8, Jln Langkawi, Taman Danau Kota, 53000 Wilayah Persekutuan, Wilayah Persekutuan Kuala Lumpur",53000,Setapak,Kuala Lumpur,Wilayah Persekutuan,Food & Beverage,Outdoor seating,Stroller / Carrier
Togather (讲饮讲食),"Jalan Genting Kelang, Taman Danau Kota, 53100 Kuala Lumpur, Wilayah Persekutuan Kuala Lumpur",53100,Setapak,Kuala Lumpur,Wilayah Persekutuan,Food & Beverage,Outdoor seating,None
Botitle Bak Kut Teh,"Danau Kota, 53100 Kuala Lumpur, Federal Territory of Kuala Lumpur",53100,Setapak,Kuala Lumpur,Wilayah Persekutuan,Food & Beverage,Outdoor seating,None
Kalico Coffee,"8, Jalan Chan Chin Mooi, Taman Tasik Titiwangsa, 53200 Kuala Lumpur, Wilayah Persekutuan Kuala Lumpur",53200,Kuala Lumpur,Kuala Lumpur,Wilayah Persekutuan,Food & Beverage,Outdoor seating,None
Titiwangsa Wang Kopitiam,"11, Jalan Maran, Titiwangsa, 53200 Kuala Lumpur, Wilayah Persekutuan Kuala Lumpur",53200,Titiwang,Kuala Lumpur,Wilayah Persekutuan,Food & Beverage,Outdoor seating,None
怡美食怡保鸡丝河粉 Restaurant Ipoh Delicious,"270-G, Wisma Mutiara Genting, Jalan Genting Kelang, Taman Ayer Panas, 53200 Kuala Lumpur, Federal Territory of Kuala Lumpur",53200,Setapak,Kuala Lumpur,Wilayah Persekutuan,Food & Beverage,Outdoor seating,None
Onn Kee Cafe | 安記冰室,"28, Jalan Ayer Jerneh, Taman Ayer Panas, 53200 Kuala Lumpur, Wilayah Persekutuan Kuala Lumpur",53200,Setapak,Kuala Lumpur,Wilayah Persekutuan,Food & Beverage,Outdoor seating,None
Restoran Ipoh Delicious 怡美食怡保雞絲河粉,"270-G, Wisma Mutiara Genting, Jalan Genting Kelang, Taman Ayer Panas, 53200 Kuala Lumpur, Federal Territory of Kuala Lumpur",53200,Setapak,Kuala Lumpur,Wilayah Persekutuan,Food & Beverage,Outdoor seating,None
De Mookatha Mookata 泰式烧烤火锅,"40G . JALAN 14/27B , TAMAN DESA SETAPAK, Wangsa Maju, 53300 Kuala Lumpur",53300,Wangsa Maju,Kuala Lumpur,Wilayah Persekutuan,Food & Beverage,Outdoor seating,None
Thai Hot Mookata&Chinese Cuisine Restaurant,"26, Jalan Danau Niaga 1, Wilayah Persekutuan, 53300 Kuala Lumpur, Wilayah Persekutuan Kuala Lumpur",53300,Danau Kota,Kuala Lumpur,Wilayah Persekutuan,Food & Beverage,Outdoor seating,None
Restoran Titi Jia Xiang (知知港家乡菜馆),"51, 53, Jalan 45/26, Taman Sri Rampai, 53300 Kuala Lumpur, Wilayah Persekutuan Kuala Lumpur",53300,Rampai Niaga,Kuala Lumpur,Wilayah Persekutuan,Food & Beverage,Outdoor seating,None
FattyKampua Sarawakian House,"No. 29, Jalan Rampai Niaga 3, Medan Niaga Rampai, 53300 Kuala Lumpur, Wilayah Persekutuan Kuala Lumpur",53300,Rampai Niaga,Kuala Lumpur,Wilayah Persekutuan,Food & Beverage,Indoor seating,None
Imp Hair Studio,"16, Jalan Prima Setapak 3, Off, Jalan Genting Kelang, 53300 Kuala Lumpur",53300,Setapak,Kuala Lumpur,Wilayah Persekutuan,Hair Salon,None,None
Mala Spicy Pot 七號麻辣香锅 (Setapak Main Branch),"Viio Tech, Jalan Genting Kelang, Danau Kota, 53300 Wilayah Persekutuan, Federal Territory of Kuala Lumpur",53300,Setapak,Kuala Lumpur,Wilayah Persekutuan,Food & Beverage,Indoor seating,None
Thai In Mookata Setapak 泰式烧烤店,"3, Jalan 14/27b, Desa Setapak, 53300 Kuala Lumpur, Wilayah Persekutuan Kuala Lumpur",53300,Setapak,Kuala Lumpur,Wilayah Persekutuan,Food & Beverage,Outdoor seating,None
囉信記糖水甜品 LOL SOON KEE Desserts,"Plaza Prima Setapak, B-G-16, Jalan Prima Setapak 5, Taman Setapak, 53300 Kuala Lumpur, Federal Territory of Kuala Lumpur",53300,Setapak,Kuala Lumpur,Wilayah Persekutuan,Food & Beverage,Outdoor seating,None
Mori Kohi,"11, JALAN AMAN, OFF, Jalan Tun Razak, 55000 Kuala Lumpur, Wilayah Persekutuan Kuala Lumpur",55000,Kuala Lumpur,Kuala Lumpur,Wilayah Persekutuan,Food & Beverage,Outdoor seating,None
RGB Coffee at the Bean Hive,"35, Jalan Damai, Kampung Datuk Keramat, 55000 Kuala Lumpur, Wilayah Persekutuan Kuala Lumpur",55000,Kuala Lumpur,Kuala Lumpur,Wilayah Persekutuan,Food & Beverage,Outdoor seating,None
Sausage KL Cafe & Deli,"G5 Holiday Place Hotel, Jln Ampang, Taman U Thant, 55000 Kuala Lumpur, Federal Territory of Kuala Lumpur",55000,Ampang,Kuala Lumpur,Wilayah Persekutuan,Food & Beverage,Outdoor seating,None
28 Fireplace,"28, Persiaran Ampang, Desa Pahlawan, 55000 Kuala Lumpur, Wilayah Persekutuan Kuala Lumpur",55000,Ampang,Kuala Lumpur,Wilayah Persekutuan,Food & Beverage,Indoor seating; Outdoor seating,None
If Only.,"Ground floor, Regal House, 1, Jalan U Thant, Taman U Thant, 55000 Kuala Lumpur, Wilayah Persekutuan Kuala Lumpur",55000,Kuala Lumpur,Kuala Lumpur,Wilayah Persekutuan,Food & Beverage,Indoor seating,None
Wholey Wonder Damai,"23, Jalan Damai, Kampung Datuk Keramat, 55000 Kuala Lumpur, Wilayah Persekutuan Kuala Lumpur",55000,Kampung Datuk Keramat,Kuala Lumpur,Wilayah Persekutuan,Food & Beverage,Indoor seating,Carrier / Stroller
The Enclave@Ampang,"30, Persiaran Ampang, Desa Pahlawan, 55000 Kuala Lumpur, Wilayah Persekutuan Kuala Lumpur",55000,Ampang,Kuala Lumpur,Wilayah Persekutuan,Food & Beverage,Outdoor seating,None
VCR Ritchie,"319, Ritchie's Pavilion, Persiaran Ritchie, Desa Pahlawan, 55000 Kuala Lumpur, Wilayah Persekutuan Kuala Lumpur",55000,Kuala Lumpur,Kuala Lumpur,Wilayah Persekutuan,Food & Beverage,Outdoor seating,None
Forty Three,"43, Jalan Jejaka 5, Maluri, 55100 Kuala Lumpur, Wilayah Persekutuan Kuala Lumpur",55100,Maluri,Kuala Lumpur,Wilayah Persekutuan,Food & Beverage,Indoor seating,Stroller / Carrier
Petra Pudu Rooftop Cafe,"392, Jln Pudu, Pudu, 55100 Kuala Lumpur, Wilayah Persekutuan Kuala Lumpur",55100,Pudu,Kuala Lumpur,Wilayah Persekutuan,Food & Beverage,Outdoor seating,None
Bestow Restaurant,"82, Lorong 1/77a, Imbi, 55100 Kuala Lumpur, Wilayah Persekutuan Kuala Lumpur",55100,Imbi,Kuala Lumpur,Wilayah Persekutuan,Food & Beverage,Outdoor seating,None
Chi Chi KL,"First Floor, 32, Jalan Dang Wangi, City Centre, 55100 Kuala Lumpur, Wilayah Persekutuan Kuala Lumpur",55100,Kuala Lumpur,Kuala Lumpur,Wilayah Persekutuan,Food & Beverage,Outdoor seating,None
Common Space,"40 Jalan 1/77A Off Jalan Imbi, Changkat Thambi Dollah, 55100 Kuala Lumpur, Wilayah Persekutuan Kuala Lumpur",55100,Imbi,Kuala Lumpur,Wilayah Persekutuan,Food & Beverage,Outdoor seating,None
Hai Kah Lang TRX,"32, Jalan Utara, Imbi, 55100 Kuala Lumpur, Wilayah Persekutuan Kuala Lumpur",55100,Imbi,Kuala Lumpur,Wilayah Persekutuan,Food & Beverage,Outdoor seating,None
Imbi Porkball Noodles since 1969 燕美律 （老字号） 猪肉丸粉 (Restoran Win Heng Seng),"183, Jalan Imbi, Imbi, 55100 Kuala Lumpur, Wilayah Persekutuan Kuala Lumpur",55100,Imbi,Kuala Lumpur,Wilayah Persekutuan,Food & Beverage,Outdoor seating,None
Limpeh Kopi @ Pandan Indah,"No. 3A & 5, Jalan Perubatan 2, Pandan Indah, 55100 Kuala Lumpur, Wilayah Persekutuan Kuala Lumpur",55100,Pandan Indah,Kuala Lumpur,Wilayah Persekutuan,Food & Beverage,Outdoor seating,None
LostxFound KL,"37B, Medan Imbi, Pudu, 55100 Kuala Lumpur, Wilayah Persekutuan Kuala Lumpur",55100,Imbi,Kuala Lumpur,Wilayah Persekutuan,Food & Beverage,Outdoor seating,None
Hoong Kee Steamboat,"27, Jalan Jejaka 5, Maluri, 55100 Kuala Lumpur, Wilayah Persekutuan Kuala Lumpur",55100,Taman Maluri,Kuala Lumpur,Wilayah Persekutuan,Food & Beverage,Outdoor seating,None
Commons KL at Bukit Bintang,"55, Jalan Bukit Bintang, Bukit Bintang, 55100 Kuala Lumpur, Wilayah Persekutuan Kuala Lumpur",55100,Bukit Bintang,Kuala Lumpur,Wilayah Persekutuan,Attraction,,None
Chye Seng Foo Coffee Shop (Pet Friendly Cafe),"268, Jalan Cheras, Taman Miharja, 55100 Kuala Lumpur, Wilayah Persekutuan Kuala Lumpur",55100,Taman Miharja,Kuala Lumpur,Wilayah Persekutuan,Food & Beverage,Indoor seating,None
Dessert Lab 甜品霸王,"9, jalan pandan indah 4/34, pandan indah, 55100 Cheras KL, Cheras, 55100 Cheras, Wilayah Persekutuan Kuala Lumpur",55100,Pandan Indah,Kuala Lumpur,Wilayah Persekutuan,Food & Beverage,Indoor Seating,Stroller / Carrier
Old House Cafe,"37G, Jalan Pandan Indah 4/6a, Pandan Indah, 55100 Kuala Lumpur, Wilayah Persekutuan Kuala Lumpur",55100,Pandan Indah,Kuala Lumpur,Wilayah Persekutuan,Food & Beverage,Indoor seating; Outdoor seating,Carrier / Stroller for indoor seating
Spillstone Coffee,"199, Jalan Pudu, Pudu, 55100 Kuala Lumpur, Wilayah Persekutuan Kuala Lumpur",55100,Pudu,Kuala Lumpur,Wilayah Persekutuan,Food & Beverage,Outdoor seating,None
Xiao Long Kan Hotpot,"Lot 03, Block D, 179 Fahrenheit, 88, Jalan Bukit Bintang, 55100 Kuala Lumpur",55100,Bukit Bintang,Kuala Lumpur,Wilayah Persekutuan,Food & Beverage,Indoor seating,Upstairs; Reservations required; Small breeds only
Stay Fresh Plus,"13 ,Jalan Barat, Off, Jln Imbi, 55100 Kuala Lumpur, Wilayah Persekutuan Kuala Lumpur",55100,Imbi,Kuala Lumpur,Wilayah Persekutuan,Food & Beverage,Indoor seating,None
Tien Tien Lai Restaurant,"490, Jalan Pudu, Pudu, 55100 Kuala Lumpur, Wilayah Persekutuan Kuala Lumpur",55100,Pudu,Kuala Lumpur,Wilayah Persekutuan,Food & Beverage,Outdoor seating,Small breeds only
大一馄饨 Dayi Wantan,"402-Grd Floor, Jln Pudu, Pudu, 55100 Kuala Lumpur, Wilayah Persekutuan Kuala Lumpur",55100,Pudu,Kuala Lumpur,Wilayah Persekutuan,Food & Beverage,Outdoor seating,None
強記肉骨茶 Kheong Kee Bak Kut Teh,"70G & 70A, Jalan Pandan Indah 4/6b, Pandan Indah, 55100 Kuala Lumpur, Selangor",55100,Pandan Indah,Kuala Lumpur,Wilayah Persekutuan,Food & Beverage,Outdoor seating,None
Brew by Cobnb,"G-11, Residensi Trion 1, 1, Jalan Dua, Sungai Besi, 55200 Kuala Lumpur, Wilayah Persekutuan Kuala Lumpur",55200,Sungai Besi,Kuala Lumpur,Wilayah Persekutuan,Food & Beverage,Outdoor seating,None
Estelle,"G-3A, Trion, Jalan Dua, Chan Sow Lin, 55200 Kuala Lumpur, Wilayah Persekutuan Kuala Lumpur",55200,Sungai Besi,Kuala Lumpur,Wilayah Persekutuan,Food & Beverage,Outdoor seating,None
Second date patisserie by cubake,"G-13, Residensi Trion, Lebuhraya Sungai Besi, Chan Sow Lin, 55200, Kuala Lumpur",55200,Sungai Besi,Kuala Lumpur,Wilayah Persekutuan,Food & Beverage,Outdoor seating,Carrier / Stroller
Song Lim Restaurant,"No 3, Persiaran Jubilee, Off, Jalan Loke Yew, 55200 Kuala Lumpur",55200,Kuala Lumpur,Kuala Lumpur,Wilayah Persekutuan,Food & Beverage,Outdoor seating,None
212 Seafood Shop(大隻蒸鱼头)第五分行,"4PF9+258 Kuala Lumpur, Federal Territory of Kuala LumpurJln, Jln Loke Yew, Taman Miharja, 55200 Kuala Lumpur, Federal Territory of Kuala Lumpur",55200,Taman Miharja,Kuala Lumpur,Wilayah Persekutuan,Food & Beverage,Indoor seating,None
OHO Mookata & Bar,"G1, Ground Floor, Wisma Trax, Jalan Chan Sow Lin, 1, Jalan Lima, Chan Sow Lin, 55200 Kuala Lumpur",55200,Kuala Lumpur,Kuala Lumpur,Wilayah Persekutuan,Food & Beverage,Indoor seating,None
Beans.Factory Cheras @ Majestic Maxim,"LG-01, Residensi Majestic Maxim, 45, Jalan 9, Taman Bukit Cheras, 56000 Kuala Lumpur, Wilayah Persekutuan Kuala Lumpur",56000,Taman Bukit Cheras,Cheras,Wilayah Persekutuan,Food & Beverage,Outdoor seating,None
Craft Cafe,"1st floor, 3-1, Jalan Menara Gading 1, Taman Connaught, 56000 Kuala Lumpur, Wilayah Persekutuan Kuala Lumpur",56000,Taman Connaught,Cheras,Wilayah Persekutuan,Food & Beverage,Outdoor seating,None
JC DELI,"21, Jalan 33/154, Taman Bukit Anggerik, 56000 Cheras, Wilayah Persekutuan Kuala Lumpur",56000,Taman Bukit Anggerik,Cheras,Wilayah Persekutuan,Food & Beverage,Outdoor seating,None
Rendezvous Steak House,"40, Jalan Siput Akek, Taman Billion, 56000 Kuala Lumpur, Wilayah Persekutuan Kuala Lumpur",56000,Taman Billion,Cheras,Wilayah Persekutuan,Food & Beverage,Outdoor seating,None
Baan Rao Cheras,"No.A-G-02 & 03, (Ground Floor), Medan Connaught, Jalan 3/144a, Medan Connaught, 56000 Cheras, Wilayah Persekutuan Kuala Lumpur",56000,Connaught,Cheras,Wilayah Persekutuan,Food & Beverage,Outdoor seating,None
Time Factory Rooftop,"Wisma LKT, 01-03A, Jalan Nadchatiram 1, Taman Taynton View, 56000 Cheras, Wilayah Persekutuan Kuala Lumpur",56000,Taman Taynton View,Cheras,Wilayah Persekutuan,Food & Beverage,Outdoor seating,Upstairs
Yi Cafe 艺间咖啡馆,"31A, Jalan Dato Haji Harun, Taman Taynton View, 56000 Kuala Lumpur, Wilayah Persekutuan Kuala Lumpur",56000,Taman Taynton View,Cheras,Wilayah Persekutuan,Food & Beverage,Outdoor seating,None
Alluring Cafe,"G-12, Residensi Majestic Maxim, 45, Jalan 9, Taman Bukit Cheras, 56000 Cheras, Wilayah Persekutuan Kuala Lumpur",56000,Taman Bukit Cheras,Cheras,Wilayah Persekutuan,Food & Beverage,Indoor seating,Diaper; Carriers / Strollers
Hachiko Pet Cafe - Alam Damai,"52A-G, Jln Damai Raya 2, Alam Damai, 56000 Cheras, Wilayah Persekutuan Kuala Lumpur",56000,Alam Damai,Cheras,Wilayah Persekutuan,Food & Beverage,Indoor Seating,None
Mo By Jas,"39a, Jalan 2, Taman Len Seng, 56000 Kuala Lumpur, Wilayah Persekutuan",56000,Taman Len Seng,Cheras,Wilayah Persekutuan,Food & Beverage,Indoor seating,None
Thousand Thirteen (1013) Cafe,"14-G, Jalan Waras 1, Taman Connaught, 56000 Cheras, Wilayah Persekutuan Kuala Lumpur",56000,Taman Connaught,Cheras,Wilayah Persekutuan,Food & Beverage,Indoor seating,Vegetarian
Tian Jing Cafe,"7A, Jalan 33/154, Taman Bukit Anggerik, 56000 Cheras, Wilayah Persekutuan Kuala Lumpur",56000,Taman Bukit Anggerik,Cheras,Wilayah Persekutuan,Food & Beverage,Indoor seating,Upstairs
Xian Taste 鲜味十足,"18-G, Jalan Siput Akek, Taman Billion, 56000 Kuala Lumpur, Wilayah Persekutuan Kuala Lumpur",56000,Taman Billion,Cheras,Wilayah Persekutuan,Food & Beverage,Outdoor seating,None
Ebony & Ivory Coffee,"4A, Block P/E, Taman Cheras, 56100 Kuala Lumpur, Wilayah Persekutuan Kuala Lumpur",56100,Taman Cheras,Cheras,Wilayah Persekutuan,Food & Beverage,Outdoor seating,None
LubiantanABC 路边叹@Yulek (ais kacang & laksa),"115 & 116 Block P/A, Taman Cheras, 56100 Kuala Lumpur, Wilayah Persekutuan Kuala Lumpur",56100,Taman Cheras,Cheras,Wilayah Persekutuan,Food & Beverage,Outdoor seating,None
Anne Elizabeth The Deli Restaurant,"1, Jalan Manis 4 Taman Segar Cheras, 56100 Kuala Lumpur",56100,Taman Segar,Cheras,Wilayah Persekutuan,Food & Beverage,Outdoor seating,None
Blue Zone Cafe,"Lot 8D 1 kg.cheras baru,cheras 56100 Kuala Lumpur",56100,Pandan Perdana,Cheras,Wilayah Persekutuan,Food & Beverage,Outdoor seating,None
Icon Brewings Cafe @ Cheras,"24, Jalan Manis 3, Taman Bukit Segar, 56100 Cheras, Wilayah Persekutuan Kuala Lumpur",56100,Taman Segar,Cheras,Wilayah Persekutuan,Food & Beverage,Outdoor seating,None
Moon Farm Restaurant 东北萌馆烧烤,"Lot 9D, Cheras Batu 2 1/2, 56100 Cheras, Wilayah Persekutuan Kuala Lumpur",56100,Batu 2 1/2,Cheras,Wilayah Persekutuan,Food & Beverage,Outdoor seating,None
New Restaurant Fook Kee,"No. 4, Jalan 17/42, Kampung Cheras Baru, 56100 Kuala Lumpur, Wilayah Persekutuan",56100,Kampung Cheras Baru,Cheras,Wilayah Persekutuan,Food & Beverage,Outdoor seating,None
Restoran Ho Chiak Dim Sum,"21, Lorong Durian, Taman Cheras, 56100 Kuala Lumpur, Wilayah Persekutuan Kuala Lumpur",56100,Taman Cheras,Cheras,Wilayah Persekutuan,Food & Beverage,Outdoor seating,None
渣渣牛肉 Zha Zha Beef OKR,"23-G, 3rd Mile Square, 151, Batu 3, Jln Klang Lama, Pusat Dagangan 3rd Mile Square, 56100 Wilayah Persekutuan, Wilayah Persekutuan Kuala Lumpur",56100,Old Klang Road,Old Klang Road,Wilayah Persekutuan,Food & Beverage,Outdoor seating,
Restoran Yankee Noodles House,"113 & 114, Block P/B, Lorong Lobak, Taman Cheras, 56100 Kuala Lumpur, Federal Territory of Kuala Lumpur",56100,Taman Cheras,Cheras,Wilayah Persekutuan,Food & Beverage,Outdoor seating,None
Basil's Food Foundry,"12, Jalan Siput Akek, Taman Billion, 56100 Kuala Lumpur, Wilayah Persekutuan",56100,Taman Billion,Cheras,Wilayah Persekutuan,Food & Beverage,Indoor seating,Carrier / Stroller
Bond Cafe,"10a, Jalan Kaskas 4, Taman Cheras, 56100 Cheras, Wilayah Persekutuan Kuala Lumpur",56100,Taman Cheras,Cheras,Wilayah Persekutuan,Food & Beverage,Indoor seating,None
CHUMS,"16, Jalan Kaskas 3, Taman Cheras, 56100 Kuala Lumpur, Wilayah Persekutuan Kuala Lumpur",56100,Taman Cheras,Cheras,Wilayah Persekutuan,Food & Beverage,Indoor seating,Upstairs
Happyman Bake's,"NO.9, Lorong Jintan 2, Taman Supreme, 56100 Kuala Lumpur, Wilayah Persekutuan Kuala Lumpur",56100,Taman Supreme,Cheras,Wilayah Persekutuan,Food & Beverage,Indoor seating,None
Infinity.Co Taman Kencana,"39G, Jalan Kencana 15, Taman Kencana, 56100 Kuala Lumpur, Wilayah Persekutuan Kuala Lumpur",56100,Taman Kencana,Cheras,Wilayah Persekutuan,Food & Beverage,Indoor seating,None
Pawty Time Cafe,"155G, Jalan LANCHANG, TAMAN SRI BAHTERA, Cheras, 56100 Kuala Lumpur, Wilayah Persekutuan Kuala Lumpur",56100,Taman Sri Bahtera,Cheras,Wilayah Persekutuan,Food & Beverage,Indoor seating,None
Taiwanese House 臺式老屋,"6, Jalan Kaskas 2, Taman Cheras, 56100 Kuala Lumpur, Wilayah Persekutuan Kuala Lumpur",56100,Taman Cheras,Cheras,Wilayah Persekutuan,Food & Beverage,Indoor seating,None
友力Yulek Wan Tan Mee,"19, Lorong Durian, Taman Cheras, 56100 Kuala Lumpur, Wilayah Persekutuan Kuala Lumpur",56100,Taman Cheras,Cheras,Wilayah Persekutuan,Food & Beverage,Outdoor seating,None
Ocean Ground Coffee,"1-11-G , Jalan Jalil Perkasa 13 Arked Esplanad, Bukit Jalil, 57000 Kuala Lumpur",57000,Bukit Jalil,Kuala Lumpur,Wilayah Persekutuan,Food & Beverage,Outdoor seating,None
Oomph Tropika Bukit Jalil,"Tropika, E-G-2, E-G-3 & E, G-3A, Jalan Jalil Perkasa 3, Bukit Jalil, 57000 Kuala Lumpur, Wilayah Persekutuan Kuala Lumpur",57000,Bukit Jalil,Kuala Lumpur,Wilayah Persekutuan,Food & Beverage,Outdoor seating,None
ANGMO'S,"24-1, Jalan Radin Tengah, Bandar Baru Sri Petaling, 57000 Kuala Lumpur, Wilayah Persekutuan Kuala Lumpur",57000,Sri Petaling,Kuala Lumpur,Wilayah Persekutuan,Food & Beverage,Indoor seating,None
Banh Mi Cafe (Bukit Jalil),"2, Jalan Jalil Jaya 1, Jalil Link, 57000 Kuala Lumpur, Wilayah Persekutuan Kuala Lumpur",57000,Bukit Jalil,Kuala Lumpur,Wilayah Persekutuan,Food & Beverage,Outdoor seating,None
Hello Thai (Authentic Thai Cuisine),"8, Jalan Jalil Perkasa 15, Arked Esplanad, 57000 Kuala Lumpur, Wilayah Persekutuan Kuala Lumpur",57000,Bukit Jalil,Kuala Lumpur,Wilayah Persekutuan,Food & Beverage,Outdoor seating,None
Hiao Po Tong Shui 姣婆糖水,"22-G, Jalan Radin Anum 2, Bandar Baru Sri Petaling, 57000 Kuala Lumpur, Wilayah Persekutuan Kuala Lumpur",57000,Sri Petaling,Kuala Lumpur,Wilayah Persekutuan,Food & Beverage,Indoor seating,None
Hong Fu Lou Dim Sum 鸿福楼点心,"1, Jalan Radin Bagus 7, Bandar Baru Sri Petaling, 57000 Kuala Lumpur, Wilayah Persekutuan Kuala Lumpur",57000,Sri Petaling,Kuala Lumpur,Wilayah Persekutuan,Food & Beverage,Outdoor seating,None
Jan Cafe,"78-1, Jalan Jalil 1 The Earth Bukit Jalil, Lebuhraya Bukit Jalil, Bukit Jalil, 57000 Kuala Lumpur",57000,Bukit Jalil,Kuala Lumpur,Wilayah Persekutuan,Food & Beverage,Indoor seating,Upstairs / Lift
Little Belly Pet Pet 小肚腩宠物餐厅,"Bumi, 68-3, Jalan Jalil 1, Lebuhraya Puchong sg besi, Bukit Jalil, 57000 Kuala Lumpur, Wilayah Persekutuan Kuala Lumpur",57000,Bukit Jalil,Kuala Lumpur,Wilayah Persekutuan,Food & Beverage,Indoor seating,None
Little Wonders 小食大作,"78-2, Jalan Radin Tengah, Bandar Baru Sri Petaling, 57000 Kuala Lumpur, Wilayah Persekutuan Kuala Lumpur",57000,Sri Petaling,Kuala Lumpur,Wilayah Persekutuan,Food & Beverage,Indoor seating,Upstairs
Loving Cafe,"23, Jalan 13/149l Bandar Baru, Bandar Baru Sri Petaling, 57000 Kuala Lumpur",57000,Sri Petaling,Kuala Lumpur,Wilayah Persekutuan,Food & Beverage,Indoor seating,Vegan
Munching Mob Cafe,"3-12A, Jalan Jalil Perkasa 14 Bukit Jalil, Arked Esplanad, 57000 Kuala Lumpur",57000,Bukit Jalil,Kuala Lumpur,Wilayah Persekutuan,Food & Beverage,Outdoor seating,None
Pawse & Play,"Bumi, No. 58-2, Jalan Jalil 1, Lebuhraya Bukit Jalil, Bukit Jalil, 57000 Kuala Lumpur, Wilayah Persekutuan Kuala Lumpur",57000,Bukit Jalil,Kuala Lumpur,Wilayah Persekutuan,Food & Beverage,Indoor seating,None
Restaurant Tasty Wok House 家乡回味馆,"06-05-1, Jalan Jalil Perkasa 14, Arked Esplanad Commercial Centre Arked Esplanad 57000, Bukit Jalil, Wilayah Persekutuan Kuala Lumpur",57000,Bukit Jalil,Kuala Lumpur,Wilayah Persekutuan,Food & Beverage,Outdoor seating,None
Restoran Pakkopi Kaw 濃的傳人,"19, Jalan 1/149j, Bandar Baru Sri Petaling, 57000 Kuala Lumpur, Wilayah Persekutuan Kuala Lumpur",57000,Sri Petaling,Kuala Lumpur,Wilayah Persekutuan,Food & Beverage,Outdoor seating,None
Sanzaru Izakaya & Bar Bukit Jalil ∣三猿酒廠,"No : 12-22-G, Ground Floor Jalan Jalil Perkasa 13 Arked Esplanad, Bukit Jalil, 57000 Kuala Lumpur",57000,Bukit Jalil,Kuala Lumpur,Wilayah Persekutuan,Food & Beverage,Outdoor seating,None
Scoby Cafe @ Bukit Jalil,"NO 7G, Jalan 16/155C, Bukit Jalil Kuala Lumpur, Bukit Jalil, 57000 Wilayah Perseketuan, Wilayah Persekutuan Kuala Lumpur",57000,Bukit Jalil,Kuala Lumpur,Wilayah Persekutuan,Food & Beverage,Indoor seating,None
Seasons BY Spatula,"B-01-15, Aurora Place, Bukit Jalil, 57000 Kuala Lumpur,",57000,Bukit Jalil,Kuala Lumpur,Wilayah Persekutuan,Food & Beverage,Indoor seating,None
Shang Chuan Wei Steamboat Restaurant,"12, Jalan Radin Anum 1, Bandar Baru Sri Petaling, 57000 Kuala Lumpur, Wilayah Persekutuan Kuala Lumpur",57000,Sri Petaling,Kuala Lumpur,Wilayah Persekutuan,Food & Beverage,Outdoor seating,
SMORES Bukit Jalil,"322G Jalan Jalil Perkasa 14 Arked Esplanad, Bukit Jalil, 57000 Kuala Lumpur",57000,Bukit Jalil,Kuala Lumpur,Wilayah Persekutuan,Food & Beverage,Outdoor seating,None
Stopover,"W.P, J-13-1, Pusat Perdagangan Bandar, Persiaran Jalil 1, Bukit Jalil, 57000 Kuala Lumpur, Wilayah Persekutuan Kuala Lumpur",57000,Bukit Jalil,Kuala Lumpur,Wilayah Persekutuan,Food & Beverage,Outdoor seating,None
The Link Cafe,"No.12A-G, Jalan Radin Bagus 6, Bandar Baru Sri Petaling, 57000 Kuala Lumpur, Wilayah Persekutuan Kuala Lumpur",57000,Sri Petaling,Kuala Lumpur,Wilayah Persekutuan,Food & Beverage,Indoor seating,Reservations Required
Thearchiterior cafe(摆烂咖啡馆）,"117-1, Jalan Radin Bagus, Bandar Baru Sri Petaling, 57000 Kuala Lumpur, Wilayah Persekutuan Kuala Lumpur",57000,Sri Petaling,Kuala Lumpur,Wilayah Persekutuan,Food & Beverage,Indoor seating; Outdoor seating,None
Vin Wine Bar,"13-1, Jalan Radin Tengah, Bandar Baru Sri Petaling, 57000 Kuala Lumpur, Wilayah Persekutuan Kuala Lumpur",57000,Sri Petaling,Kuala Lumpur,Wilayah Persekutuan,Food & Beverage,Indoor seating,Upstairs
WOOSS Desserts & Cafe,"66, Jalan Radin Bagus 6, Bandar Baru Sri Petaling, 57000 Kuala Lumpur, Wilayah Persekutuan Kuala Lumpur",57000,Sri Petaling,Kuala Lumpur,Wilayah Persekutuan,Food & Beverage,Outdoor seating,None
Zok Noodle House @ Pinnacle Sri Petaling Mall (竹麵館),"G07 & G13A, GROUND FLOOR PINNACLE SRI PETALING MALL, 1, Jalan Radin Anum 1, Bandar Baru Sri Petaling, 57000 Kuala Lumpur, Wilayah Persekutuan Kuala Lumpur",57000,Sri Petaling,Kuala Lumpur,Wilayah Persekutuan,Food & Beverage,Outdoor seating,None
十號茶樓 10 Kopitiam @Bukit Jalil,"No. 20, Block 5, Jalan Jalil Jaya 6, Jalil Link, 57000 Kuala Lumpur, Wilayah Persekutuan Kuala Lumpur",57000,Bukit Jalil,Kuala Lumpur,Wilayah Persekutuan,Food & Beverage,Outdoor seating,None
百味小碗菜SP Bai Wei Mini Bowl Sri Petaling,"1, Jalan Radin Bagus 5, Bandar Baru Sri Petaling, 57000 Kuala Lumpur, Wilayah Persekutuan Kuala Lumpur",57000,Sri Petaling,Kuala Lumpur,Wilayah Persekutuan,Food & Beverage,Outdoor seating,None
Memorie Cafe Sungai Besi,"Midfields Square West邮政, Federal Territory of Kuala Lumpur, Sungai Besi Taman Sungai Besi, Mines B1, 1, Jalan 11/108c, 编码:, 57100 Kuala Lumpur, Federal Territory of Kuala Lumpur",57100,Sungai Besi,Kuala Lumpur,Wilayah Persekutuan,Food & Beverage,Outdoor seating,None
Restaurant Siu Siu - Sungai Besi,"No 1, Kampung Satu Seksyen 93, Jalan Sungai Besi, 57100, Kuala Lumpur, WP Kuala Lumpur, 43200",57100,Sungai Besi,Kuala Lumpur,Wilayah Persekutuan,Food & Beverage,Outdoor seating,None
KHUNYAI Thai BBQ & Mookata Steamboat,"22-1, Jalan 2/125f, Taman Desa Petaling, 57100 Kuala Lumpur, Wilayah Persekutuan Kuala Lumpur",57100,Taman Desa Petaling,Kuala Lumpur,Wilayah Persekutuan,Food & Beverage,Outdoor seating,None
BBQ YYDS,"B2-56-G, Dataran Niaga Sungai Besi, Midfield Square East, Jalan 11/108C, Lebuhraya Sungai Besi, 57100 Kuala Lumpur",57100,Sungai Besi,Kuala Lumpur,Wilayah Persekutuan,Food & Beverage,Indoor seating; Outdoor seating,None
The Curiousity Iron River,"138, Jalan Sungai Besi, Chan Sow Lin, 57100 Kuala Lumpur, Wilayah Persekutuan Kuala Lumpur",57100,Sungai Besi,Kuala Lumpur,Wilayah Persekutuan,Food & Beverage,Outdoor seating,None
The U Noodle,"C1-G-3, Block C 1, Razak City Residence, Jln Sungai Besi, 57100 Kuala Lumpur",57100,Sungai Besi,Kuala Lumpur,Wilayah Persekutuan,Food & Beverage,Outdoor seating,None
SongHwa Korean Cuisine,"8th floor Podium level, Millerz Square by MyKey Global, 08-05, 357, Jln Klang Lama, 58000 Kuala Lumpur, Wilayah Persekutuan Kuala Lumpur",58000,Millerz Square,Old Klang Road,Wilayah Persekutuan,Food & Beverage,Outdoor seating,
Swim Paradise Park & Cafe,"3, Jalan Klang Lama, Taman Halimahton, 58000 Kuala Lumpur, Wilayah Persekutuan Kuala Lumpur",58000,Old Klang Road,Old Klang Road,Wilayah Persekutuan,Activity,Swimming; Grooming; Boarding,None
撞墙 Byond Walls Pizza Bar & Cafe,"o8-06, Millerz Square by MyKey Global, 357, Old Klang Road, 58000 Kuala Lumpur",58000,Millerz Square,Old Klang Road,Wilayah Persekutuan,Food & Beverage,Outdoor seating,None
Await Cafe,"9-1-5, Jalan 3/109f, Taman Danau Desa, 58100 Kuala Lumpur, Federal Territory of Kuala Lumpur",58100,Taman Desa,Old Klang Road,Wilayah Persekutuan,Food & Beverage,Outdoor seating,None
Bangkok Thai Street Food Taman Desa,"R3, Jalan Desa Jaya, Taman Desa, 58100 Kuala Lumpur",58100,Taman Desa,Old Klang Road,Wilayah Persekutuan,Food & Beverage,Outdoor seating,None
Ke-Kho Chinese Cuisine Restaurant,"R2 Jalan Desa Jaya Taman Desa Faber Plaza, 58100 Kuala Lumpur, Wilayah Persekutuan Kuala Lumpur",58100,Taman Desa,Old Klang Road,Wilayah Persekutuan,Food & Beverage,Outdoor seating,None
Kimchitiam @ Taman Desa,"Faber Tower, G12, Taman Desa, 58100 Kuala Lumpur, Wilayah Persekutuan Kuala Lumpur",58100,Taman Desa,Old Klang Road,Wilayah Persekutuan,Food & Beverage,Outdoor seating,None
Monkey Bar,"5 - 0 - 1, 2, 109F, Jalan 2/109f, Taman Danau Desa, 58100 Kuala Lumpur",58100,Taman Desa,Old Klang Road,Wilayah Persekutuan,Food & Beverage,Outdoor seating,None
Plug Bar,"29, Jalan 3/109 F, Taman Danau Desa, 58100 Kuala Lumpur, Wilayah Persekutuan Kuala Lumpur",58100,Taman Desa,Old Klang Road,Wilayah Persekutuan,Food & Beverage,Outdoor seating,None
Cafe Superfluous,"35, Jalan Bukit Desa 5, Taman Bukit Desa, 58100 Kuala Lumpur, Wilayah Persekutuan Kuala Lumpur",58100,Taman Bukit Desa,Old Klang Road,Wilayah Persekutuan,Food & Beverage,Outdoor seating,None
Charlie's Cafe & Bakery,"29, Jalan Bukit Desa 5, Taman Bukit Desa, 58100 Kuala Lumpur, Wilayah Persekutuan Kuala Lumpur",58100,Taman Bukit Desa,Old Klang Road,Wilayah Persekutuan,Food & Beverage,Outdoor seating,None
Cocomomo Urban Pets Hotel,"139, Indah UPC Business Centre, 3 1/2 Miles, Jalan Klang Lama, 58100 Kuala Lumpur, Wilayah Persekutuan Kuala Lumpur",58100,Old Klang Road,Old Klang Road,Wilayah Persekutuan,Activity,Swimming; Indoor park; Grooming; Boarding,None
Eat Drink Thai @ Taman Bukit Desa,"7, Jalan Bukit Desa 5, Taman Bukit Desa, 58100 Kuala Lumpur, Wilayah Persekutuan Kuala Lumpur",58100,Taman Bukit Desa,Old Klang Road,Wilayah Persekutuan,Food & Beverage,Outdoor seating,None
Encore Malaysia,"1, Jalan Bukit Desa 5, Taman Bukit Desa, 58100 Kuala Lumpur, Wilayah Persekutuan Kuala Lumpur",58100,Taman Bukit Desa,Old Klang Road,Wilayah Persekutuan,Food & Beverage,Outdoor seating,None
FATTY BAK KUT TEH & FISH HEAD 肥佬肉骨茶&蒸鱼头,"4 ½, 5, Batu, Old Klang Rd, 58100 Kuala Lumpur",58100,Old Klang Road,Old Klang Road,Wilayah Persekutuan,Food & Beverage,Outdoor seating,None
GUĀNG Restaurant & Bar 3rd Mile Square,"17G, Ground Floor, 3rd, Old Klang Road, No 151, Jalan Klang Lama, Pusat Dagangan 3rd Mile Square, 58100 Kuala Lumpur, Federal Territory of Kuala Lumpur",58100,Old Klang Road,Old Klang Road,Wilayah Persekutuan,Food & Beverage,Outdoor seating,None
Nihon Kai Japanese Restaurant,"4-2, Jalan Telok Gadong, 58100 Kuala Lumpur, Wilayah Persekutuan Kuala Lumpur",58100,Old Klang Road,Old Klang Road,Wilayah Persekutuan,Food & Beverage,Outdoor seating,None
Sanuki Udon,"1st floor, 25A, Jalan Bukit Desa 5, Taman Bukit Desa, 58100 Kuala Lumpur, Federal Territory of Kuala Lumpur",58100,Taman Bukit Desa,Old Klang Road,Wilayah Persekutuan,Food & Beverage,Outdoor seating,None
ZA 醉爱烧烤,"lot 4226 batu 41, 2, Old Klang Rd, Taman Hock Ann, 58100 Kuala Lumpur, Federal Territory of Kuala Lumpur",58100,Old Klang Road,Old Klang Road,Wilayah Persekutuan,Food & Beverage,Outdoor seating,None
Zuo An Tang Lu 湯滷社,"8A, Jalan Desa Jaya, Taman Desa, 58100 Kuala Lumpur, Wilayah Persekutuan Kuala Lumpur",58100,Taman Desa,Old Klang Road,Wilayah Persekutuan,Food & Beverage,Outdoor seating,
Taisyu Yakiniku (Japanese BBQ),"16A, Jalan Desa Jaya, Taman Desa, 58100 Kuala Lumpur, Wilayah Persekutuan Kuala Lumpur",58100,Taman Desa,Old Klang Road,Wilayah Persekutuan,Food & Beverage,Outdoor seating,None
Celestial Cafe Taman Danau Desa,"No. 22, Jln 5/109f, Taman Danau Desa, 58100 Kuala Lumpur, Federal Territory of Kuala Lumpur",58100,Taman Desa,Old Klang Road,Wilayah Persekutuan,Food & Beverage,Indoor seating,Upstairs; Carriers / Strollers
Taman Desa Yong Tau Fu & Dim Sum,"15A, Jalan Desa Jaya, Taman Desa, 58100 Kuala Lumpur, Wilayah Persekutuan Kuala Lumpur",58100,Taman Desa,Old Klang Road,Wilayah Persekutuan,Food & Beverage,Outdoor seating,None
Paw-radise Cafe,"5-1-11, Danau Business Centre, Jalan 2/109f, Taman Danau Desa, 58100 Kuala Lumpur, Wilayah Persekutuan Kuala Lumpur",58100,Taman Desa,Old Klang Road,Wilayah Persekutuan,Food & Beverage,Indoor seating,Upstairs
Taste & Memories 回味,"6, Jalan 109/1E, Road Taman Desa Business Park, Taman Desa, 58100 Kuala Lumpur",58100,Taman Desa,Old Klang Road,Wilayah Persekutuan,Food & Beverage,Indoor seating,Only small breeds
XI·U CAFE & BISTRO 囍友·小酒馆,"lot 560, Jalan Desa Bahagia, Taman Desa, 58100 Kuala Lumpur, Wilayah Persekutuan Kuala Lumpur",58100,Taman Desa,Old Klang Road,Wilayah Persekutuan,Food & Beverage,Indoor seating; Outdoor seating,None
粤德轩 Yue De Xuan,"Federal Territory of Kuala Lumpur, Kuala Lumpur, Taman Danau Desa, Jalan 4/109f, 邮政编码: 58100",58100,Taman Desa,Old Klang Road,Wilayah Persekutuan,Food & Beverage,Outdoor seating,None
Ke-Kho Chinese Cuisine Restaurant,"Faber Plaza, R2, Jalan Desa Jaya, Taman Desa, 58100 Kuala Lumpur, Wilayah Persekutuan Kuala Lumpur",58100,Taman Desa,Old Klang Road,Wilayah Persekutuan,Food & Beverage,Indoor seating; Outdoor seating,None
Gaga Western & Eastern Corner Restaurant,"121, Jln Hujan Emas 8, Taman Overseas Union, 58200 Kuala Lumpur, Wilayah Persekutuan Kuala Lumpur",58200,OUG / Overseas Union Garden,Kuala Lumpur,Wilayah Persekutuan,Food & Beverage,Outdoor seating,None
6Yi Cafe,"12A 1F, Jalan Awan Hijau, Taman Overseas Union, 58200 Kuala Lumpur, Wilayah Persekutuan Kuala Lumpur",58200,OUG / Overseas Union Garden,Kuala Lumpur,Wilayah Persekutuan,Food & Beverage,Outdoor seating,Big dog friendly; Upstairs; Balcony space
aboutyu,"52a, Jalan Lazat 2, Happy Garden, 58200 Kuala Lumpur, Wilayah Persekutuan Kuala Lumpur",58200,Happy Garden,Kuchai Lama,Wilayah Persekutuan,Food & Beverage,Indoor seating,Upstairs
三千尺 | The Flows Gourmet | Kuchai Lama Branch,"kuchai lama, 20g, Jalan Kuchai Maju 9, Kuchai Entrepreneurs Park, 58200 Kuala Lumpur, Wilayah Persekutuan Kuala Lumpur",58200,Kuchai Entrepreneurs Park,Kuchai Lama,Wilayah Persekutuan,Food & Beverage,Indoor seating,None
ATE TEA CAFE,"80, Jalan Rukun 2, Taman Gembira, 58200 Kuala Lumpur, Wilayah Persekutuan Kuala Lumpur",58200,Happy Garden,Kuala Lumpur,Wilayah Persekutuan,Food & Beverage,Outdoor seating,None
Baan Thai 2 Seafood & Thai Cuisine,"Lot pt 15288a, Jalan Kuchai Lama, 58200 Kuala Lumpur, Federal Territory of Kuala Lumpur",58200,Kuchai Lama,Kuchai Lama,Wilayah Persekutuan,Food & Beverage,Indoor seating,Carrier / Stroller
BabyPaws Pets Café,"Unit L-1-11, Jalan 1/127, Off, Jalan Kuchai Lama, Kuchai Business Park, 58200 Kuala Lumpur",58200,Kuchai Entrepreneurs Park,Kuchai Lama,Wilayah Persekutuan,Food & Beverage,Indoor seating,None
Bao Bao Cafe,"213, Jalan Sepadu, Taman United, 58200 Kuala Lumpur, Wilayah Persekutuan Kuala Lumpur",58200,OUG / Overseas Union Garden,Kuala Lumpur,Wilayah Persekutuan,Food & Beverage,Outdoor seating,None
Candies Inn,"342, Jalan Sepakat 7, Taman United, 58200 Wilayah Persekutuan, Wilayah Persekutuan Kuala Lumpur",58200,OUG / Overseas Union Garden,Kuala Lumpur,Wilayah Persekutuan,Food & Beverage,Outdoor seating,None
Chong Qing Xiang La Guo,"42-G, Jalan Kuchai Maju 9, Kuchai Entrepreneurs Park, 58200 Kuala Lumpur, Wilayah Persekutuan Kuala Lumpur",58200,Kuchai Entrepreneurs Park,Kuchai Lama,Wilayah Persekutuan,Food & Beverage,Outdoor seating,None
Cinderella Wine Bar,"41-1, Jalan Kuchai Maju 2, Kuchai Entrepreneurs Park, 58200 Kuala Lumpur, Wilayah Persekutuan",58200,Kuchai Lama,Kuala Lumpur,Wilayah Persekutuan,Food & Beverage,Indoor seating,None
Da Truth Cafe,"14, Jalan 1/128, Taman Gembira, 58200 Kuala Lumpur, Wilayah Persekutuan Kuala Lumpur",58200,Happy Garden,Kuala Lumpur,Wilayah Persekutuan,Food & Beverage,Indoor seating,None
Down To Bones @OUG,"8, Jalan Hujan Rahmat 3, Taman Overseas Union, 58200 Kuala Lumpur, Wilayah Persekutuan Kuala Lumpur",58200,OUG / Overseas Union Garden,Kuala Lumpur,Wilayah Persekutuan,Food & Beverage,Outdoor seating,None
February 18 Cafe / 二月食吧,"No.42, GF Jalan Lazat 2, Taman Gembira, 58200 Wilayah Persekutuan Kuala Lumpur",58200,Happy Garden,Kuchai Lama,Wilayah Persekutuan,Food & Beverage,Indoor seating,Carrier / Stroller; Well-behaved pets; Reservations required; Vegetarian; Vegan; No big dogs
Ginger Roots Restaurant,"87, Jalan Hujan Emas 8, Taman Overseas Union, 58200 Kuala Lumpur, Wilayah Persekutuan Kuala Lumpur",58200,OUG / Overseas Union Garden,Old Klang Road,Wilayah Persekutuan,Food & Beverage,Outdoor seating,None
Goon Wah Restaurant,"G13, Jalan 3/115c, Taman Kuchai Jaya, 58200 Kuala Lumpur, Wilayah Persekutuan Kuala Lumpur",58200,Tama Kuchai Jaya,Kuchai Lama,Wilayah Persekutuan,Food & Beverage,Outdoor seating,None
Grumpy Kitchen By Big Daddy,"17, Jalan Lazat 1, Taman Bukit Indah, 58200 Kuala Lumpur, Wilayah Persekutuan",58200,OUG / Overseas Union Garden,Old Klang Road,Wilayah Persekutuan,Food & Beverage,Outdoor seating,None
iCRUST Café & Bakery,"30, Jalan Lazat 2, Taman Bukit Indah, 58200 Kuala Lumpur, Wilayah Persekutuan Kuala Lumpur",58200,OUG / Overseas Union Garden,Old Klang Road,Wilayah Persekutuan,Food & Beverage,Outdoor seating,None
Jin Xuan Hong Kong Restaurant | Kuchai Lama | Restoran Jin Xuan Hong Kong,"116b, A32, 36, 34, Jalan 1, Sri Desa Entrepreneur Park, 58200 Kuala Lumpur, Federal Territory of Kuala Lumpur",58200,Happy Garden,Kuchai Lama,Wilayah Persekutuan,Food & Beverage,Outdoor seating,None
Kedai Makanan & Minuman Soon Lei,"G7, Blok Kp1, Jalan 3/115C, Taman Kuchai Jaya, 58200 Kuala Lumpur, Wilayah Persekutuan",58200,Tama Kuchai Jaya,Kuchai Lama,Wilayah Persekutuan,Food & Beverage,Outdoor seating,None
Kin Thai Restaurant,"No 66, Jalan Hujan Rahmat 3, Taman Overseas Union, 58200 Kuala Lumpur, Wilayah Persekutuan Kuala Lumpur",58200,OUG / Overseas Union Garden,Old Klang Road,Wilayah Persekutuan,Food & Beverage,Outdoor seating,None
KLÉSIS Café Grocer,"17, Jalan Hujan Emas 8, Taman Overseas Union, 58200 Kuala Lumpur, Wilayah Persekutuan Kuala Lumpur",58200,OUG / Overseas Union Garden,Old Klang Road,Wilayah Persekutuan,Food & Beverage,Outdoor seating,None
Koh Tiki | 泰式海鲜吧,"Lot 4426, Batu 4 1/2, OKR AUTO CITY, Jln Klang Lama, 58200 Kuala Lumpur, Wilayah Persekutuan Kuala Lumpur",58200,Old Klang Road,Old Klang Road,Wilayah Persekutuan,Food & Beverage,Outdoor seating,None
Kung Fu Smooth Pan Mee,"28, Jalan Seri Sentosa 9a, Taman Sri Sentosa, 58200 Kuala Lumpur, Wilayah Persekutuan Kuala Lumpur",58200,Taman Sri Sentosa,Kuala Lumpur,Wilayah Persekutuan,Food & Beverage,Outdoor seating,None
La Zengar Café,"49, Jalan Hujan, Taman Overseas Union, 58200 Kuala Lumpur, Wilayah Persekutuan Kuala Lumpur",58200,OUG / Overseas Union Garden,Old Klang Road,Wilayah Persekutuan,Food & Beverage,Outdoor seating,None
Lights House Cafe,"Jalan 9/116B 2-3, Spring Avenue Commercial Shot Lot Spring Avenue, 58200 Kuala Lumpur, Wilayah Persekutuan Kuala Lumpur",58200,Happy Garden,Kuchai Lama,Wilayah Persekutuan,Food & Beverage,Outdoor seating,None
Little Jungle Coffee House,"79, Jalan Rukun 4, Taman Gembira, 58200 Kuala Lumpur, Wilayah Persekutuan Kuala Lumpur",58200,OUG / Overseas Union Garden,Old Klang Road,Wilayah Persekutuan,Food & Beverage,Outdoor seating,None
Loong Sifu Bamboo Noodle House,"4, Jalan Lazat, Taman Bukit Indah, 58200 Kuala Lumpur, Wilayah Persekutuan Kuala Lumpur",58200,OUG / Overseas Union Garden,Old Klang Road,Wilayah Persekutuan,Food & Beverage,Outdoor seating,None
Meng Kee Char Siew Wantan Mee,"48, Jalan Kuchai Maju 6, Kuchai Entrepreneurs Park, 58200 Kuala Lumpur, Wilayah Persekutuan Kuala Lumpur",58200,Kuchai Entrepreneurs Park,Kuchai Lama,Wilayah Persekutuan,Food & Beverage,Outdoor seating,None
Mikaa Cafe,"No 2A, Jalan Hujan Emas 4, Taman Overseas Union, 58200 Kuala Lumpur, Wilayah Persekutuan Kuala Lumpur",58200,OUG / Overseas Union Garden,Old Klang Road,Wilayah Persekutuan,Food & Beverage,Indoor seating,None
Ne.nenebubu Thai Mini Mart,"15, Jln 2/137B, Resource Industrial Center, 58200 Kuala Lumpur, Wilayah Persekutuan Kuala Lumpur",58200,Resource Industrial Centre,Old Klang Road,Wilayah Persekutuan,Food & Beverage,Indoor seating; Outdoor seating,None
Neighbour's Coffee Bar,"A-G-1, Seri Gembira Avenue, No 6, Jalan Senang Ria, Happy Garden, 58200 Kuala Lumpur",58200,Happy Garden,Kuchai Lama,Wilayah Persekutuan,Food & Beverage,Outdoor seating,None
ONE TASTE BBQ 壹味烧烤 ( OUG ),"PARKLANE, A1-1-13A JALAN 1/152 TAMAN OUG, OFF, JALAN KLANG LAMA, KLANG LAMA, 58200 Kuala Lumpur, Wilayah Persekutuan Kuala Lumpur",58200,OUG / Overseas Union Garden,Old Klang Road,Wilayah Persekutuan,Food & Beverage,Indoor seating,None
Papasan Canteen 食堂 Kuchai,"18-G, Jalan 2/114, Off, Jalan Kuchai Lama, Kuchai Business Centre, 58200 Kuala Lumpur",58200,Kuchai Business Centre,Kuchai Lama,Wilayah Persekutuan,Food & Beverage,Outdoor seating,None
Restoran Ful Lai 富徕點心,"1, Jalan 2/116B, Kuchai Entrepreneurs Park, 58200 Kuala Lumpur, Wilayah Persekutuan Kuala Lumpur",58200,Kuchai Entrepreneurs Park,Kuchai Lama,Wilayah Persekutuan,Food & Beverage,Outdoor seating,None
Restoran Kampong Ali,"B-0-11 Jalan 1, 127, Jalan Kuchai Lama, 58200 Kuala Lumpur, Wilayah Persekutuan Kuala Lumpur",58200,Kuchai Lama,Kuchai Lama,Wilayah Persekutuan,Food & Beverage,Outdoor seating,None
Rue Ee Restaurant,"43, Jln Hujan, Taman Overseas Union, 58200 Kuala Lumpur, Wilayah Persekutuan Kuala Lumpur",58200,OUG / Overseas Union Garden,Kuala Lumpur,Wilayah Persekutuan,Food & Beverage,Outdoor seating,None
Sae Ma Eul BBQ Kuchai Lama,"47, Jalan Kuchai Maju 6 Kuchai Entrepreneur Park, Kuchai Lama, 58200 Kuala Lumpur, Wilayah Persekutuan Kuala Lumpur",58200,Kuchai Entrepreneurs Park,Kuchai Lama,Wilayah Persekutuan,Food & Beverage,Outdoor seating,None
Simply Thai,"Unit LG2-1, Seri Gembira Avenue 6, Jalan Senang Ria, Taman Gembira, Happy Garden, 58200 Kuala Lumpur",58200,Happy Garden,Kuchai Lama,Wilayah Persekutuan,Food & Beverage,Outdoor seating,Reservations required
Soi 19 Thai Steamboat & BBQ,"Lot PT, 15210, Jalan Awan Besar, Taman Overseas United, 58200 Kuala Lumpur, Wilayah Persekutuan Kuala Lumpur",58200,OUG / Overseas Union Garden,Old Klang Road,Wilayah Persekutuan,Food & Beverage,Outdoor seating,None
Star Village Western Food @ Kuchai Lama,"57, Jalan Kuchai Maju 1, Kuchai Entrepreneurs Park, 58200 Kuala Lumpur, Wilayah Persekutuan Kuala Lumpur",58200,Kuchai Entrepreneurs Park,Kuchai Lama,Wilayah Persekutuan,Food & Beverage,Outdoor seating,None
Sunday Coffee & Cakes,"14, Jalan Selera 1, Taman Bukit Indah, 58200 Kuala Lumpur, Wilayah Persekutuan Kuala Lumpur",58200,OUG / Overseas Union Garden,Old Klang Road,Wilayah Persekutuan,Food & Beverage,Indoor seating,None
Tama Tama Sumiyaki House,"C-G-1, Seri Gembira Avenue, 6, Jalan Senang Ria, Taman Gembira, 58200 Kuala Lumpur, Wilayah Persekutuan Kuala Lumpur",58200,Happy Garden,Kuala Lumpur,Wilayah Persekutuan,Food & Beverage,Indoor seating,Reservation required
Thai Yeh Kope,"1-G, Jalan Kuchai Maju 18, Kuchai Entrepreneurs Park, 58200 Kuala Lumpur, Federal Territory of Kuala Lumpur",58200,Kuchai Entrepreneurs Park,Kuchai Lama,Wilayah Persekutuan,Food & Beverage,Outdoor seating,None
The Hub Coffee Roasters,"61, Jalan Hujan Rahmat 3, Taman Overseas Union, 58200 Kuala Lumpur, Wilayah Persekutuan Kuala Lumpur",58200,OUG / Overseas Union Garden,Old Klang Road,Wilayah Persekutuan,Food & Beverage,Outdoor seating,None
The Willow,"74, Jalan Rukun 4, Happy Garden, 58200 Kuala Lumpur, Wilayah Persekutuan Kuala Lumpur",58200,Happy Garden,Kuala Lumpur,Wilayah Persekutuan,Food & Beverage,Indoor seating,None
Togather 讲饮讲吃 (Kuchai Lama),"32, Jalan Kuchai Maju 1 Kuchai Entrepreneurs Park, Kuchai Lama, 58200 Kuala Lumpur",58200,Kuchai Entrepreneurs Park,Kuchai Lama,Wilayah Persekutuan,Food & Beverage,Outdoor seating,None
Wang Tong Shui Station,"Taman United, 58200 Kuala Lumpur, Federal Territory of Kuala Lumpur",58200,OUG / Overseas Union Garden,Kuala Lumpur,Wilayah Persekutuan,Food & Beverage,Outdoor seating,None
Wangfei 旺啡,"43, Jalan Kuchai Maju 1, Kuchai Entrepreneurs Park, 58200 Kuala Lumpur, Wilayah Persekutuan Kuala Lumpur",58200,Kuchai Entrepreneurs Park,Kuchai Lama,Wilayah Persekutuan,Food & Beverage,Outdoor seating,None
YunShu Coffee,"103, Jalan Sepadu, Taman United, 58200 Kuala Lumpur, Wilayah Persekutuan Kuala Lumpur",58200,OUG / Overseas Union Garden,Kuala Lumpur,Wilayah Persekutuan,Food & Beverage,Outdoor seating,None
Zen & Co Happy Garden,"10, Jalan Lazat 2, Taman Gembira, 58200 Wilayah Persekutuan, Wilayah Persekutuan Kuala Lumpur",58200,Happy Garden,Kuchai Lama,Wilayah Persekutuan,Food & Beverage,Outdoor seating,None
Ziran Cafe,"Blk A-G-2, Kuchai Exchange, 58200 Kuala Lumpur, Wilayah Persekutuan Kuala Lumpur",58200,Kuchai Exchange,Kuala Lumpur,Wilayah Persekutuan,Food & Beverage,Indoor Seating,Reservations required
一甲子食苑 Decades Homemade Chee Cheong Fun,"735, Jalan Selesa 12, Taman Gembira, 58200 Kuala Lumpur, Wilayah Persekutuan Kuala Lumpur",58200,Happy Garden,Kuala Lumpur,Wilayah Persekutuan,Food & Beverage,Outdoor seating,None
三千尺 The Flows Gourmet,"20g, Jalan Kuchai Maju 9, Kuchai Entrepreneurs Park, 58200 Kuala Lumpur, Wilayah Persekutuan Kuala Lumpur",58200,Kuchai Entrepreneurs Park,Kuchai Lama,Wilayah Persekutuan,Food & Beverage,Indoor seating,Carrier / Stroller; Well behaved pets only
小巷子 Xiao Xiang Zi @ Old Klang Road,"Kuchai Lama, 31, Jalan Kubis, Taman Goodwood, 58200 Kuala Lumpur",58200,Taman Goodwood,Kuchai Lama,Wilayah Persekutuan,Food & Beverage,Indoor seating,Well behave furkids only
曾老弟打边炉 ZLD Hotpot,"45, Jalan Kuchai Maju 1, Kuchai Entrepreneurs Park, 58200 Kuala Lumpur, Wilayah Persekutuan Kuala Lumpur",58200,Kuchai Entrepreneurs Park,Kuchai Lama,Wilayah Persekutuan,Food & Beverage,Indoor seating,None
潘記飽餃點心餐室 Restoran Phangkey,"65, Jalan Lazat 1, Taman Bukit Indah, 58200 Kuala Lumpur, Wilayah Persekutuan Kuala Lumpur",58200,OUG / Overseas Union Garden,Old Klang Road,Wilayah Persekutuan,Food & Beverage,Outdoor seating,None
Shuruti Box Kuala Lumpur,"No 18, Jalan Telawi 2, Bangsar, 59000 Kuala Lumpur, Wilayah Persekutuan Kuala Lumpur",59000,Bangsar ,Kuala Lumpur,Wilayah Persekutuan,Food & Beverage,Outdoor seating,None
Chez Gaston by rendez-vous,"12G, Jalan Bangsar Utama 9, Bangsar, 59000 Kuala Lumpur, Wilayah Persekutuan Kuala Lumpur",59000,Bangsar ,Kuala Lumpur,Wilayah Persekutuan,Food & Beverage,Indoor seating,None
Lisette's Café & Bakery @ Bangsar,"No. 8, Jalan Kemuja, Bangsar, 59000 Kuala Lumpur, Wilayah Persekutuan Kuala Lumpur",59000,Bangsar ,Kuala Lumpur,Wilayah Persekutuan,Food & Beverage,Indoor seating,None
ALTA Café Bangsar,"59-1, Jalan Bangkung, Bangsar, 59100 Kuala Lumpur, Wilayah Persekutuan Kuala Lumpur",59100,Bangsar ,Kuala Lumpur,Wilayah Persekutuan,Food & Beverage,Outdoor seating,None
Antipodean Cafe,"20, Jalan Telawi 2, Bangsar, 59100 Kuala Lumpur, Wilayah Persekutuan Kuala Lumpur",59100,Bangsar ,Kuala Lumpur,Wilayah Persekutuan,Food & Beverage,Outdoor seating,None
Baba Low’s @ Lorong Kurau,"11, Lorong Kurau, Bangsar, 59100 Kuala Lumpur, Wilayah Persekutuan Kuala Lumpur",59100,Bangsar ,Kuala Lumpur,Wilayah Persekutuan,Food & Beverage,Outdoor seating,None
BAIT,"65, Jalan Telawi 3, Bangsar, 59100 Kuala Lumpur, Wilayah Persekutuan Kuala Lumpur",59100,Bangsar ,Kuala Lumpur,Wilayah Persekutuan,Food & Beverage,Outdoor seating,None
Cava,"71, Jalan Bangkung, Bangsar, 59100 Kuala Lumpur, Wilayah Persekutuan Kuala Lumpur",59100,Bangsar ,Kuala Lumpur,Wilayah Persekutuan,Food & Beverage,Outdoor seating,None
Chun Heong Coffee Shop 新全香咖啡店,"16, Lrg Ara Kiri 2, Bangsar, 59100 Kuala Lumpur, Wilayah Persekutuan Kuala Lumpur",59100,Bangsar ,Kuala Lumpur,Wilayah Persekutuan,Food & Beverage,Outdoor seating,None
Jarrod & Rawlins Bangsar,"63, Jalan Bangkung, Bangsar, 59100 Kuala Lumpur, Wilayah Persekutuan Kuala Lumpur",59100,Bangsar ,Kuala Lumpur,Wilayah Persekutuan,Food & Beverage,Outdoor seating,None
Knowhere Bangsar,"50, Jalan Maarof, Bangsar, 59100 Wilayah Perseketuan, Wilayah Persekutuan Kuala Lumpur",59100,Bangsar ,Kuala Lumpur,Wilayah Persekutuan,Food & Beverage,Outdoor seating,None
La Bodega Bangsar,"21, Lorong Kurau, Bangsar, 59100 Kuala Lumpur, Wilayah Persekutuan Kuala Lumpur",59100,Bangsar ,Kuala Lumpur,Wilayah Persekutuan,Food & Beverage,Outdoor seating,None
La Chica Mexican Grill Bangsar,"57, Jalan Bangkung, Bangsar, 59100 Kuala Lumpur, Wilayah Persekutuan Kuala Lumpur",59100,Bangsar ,Kuala Lumpur,Wilayah Persekutuan,Food & Beverage,Outdoor seating,None
Lucky Bo,"65, Jalan Bangkung, Bangsar, 59100 Kuala Lumpur, Wilayah Persekutuan Kuala Lumpur",59100,Bangsar ,Kuala Lumpur,Wilayah Persekutuan,Food & Beverage,Outdoor seating,None
Mary Spicy Corner,"3A, Lorong Kurau, Bangsar, 59100 Kuala Lumpur, Wilayah Persekutuan Kuala Lumpur",59100,Bangsar ,Kuala Lumpur,Wilayah Persekutuan,Food & Beverage,Outdoor seating,None
Opus Bistro,"67, Jalan Bangkung, Bangsar, 59100 Kuala Lumpur, Wilayah Persekutuan Kuala Lumpur",59100,Bangsar ,Kuala Lumpur,Wilayah Persekutuan,Food & Beverage,Outdoor seating,None
Roost,"No. 69-1, Jalan Telawi 3, Bangsar Baru, Wilayah Persekutuan, 59100 Kuala Lumpur",59100,Bangsar ,Kuala Lumpur,Wilayah Persekutuan,Food & Beverage,Outdoor seating,None
The Enclave@Bangsar,"1, Lorong Kurau, Bangsar, 59100 Kuala Lumpur, Wilayah Persekutuan Kuala Lumpur",59100,Bangsar ,Kuala Lumpur,Wilayah Persekutuan,Food & Beverage,Outdoor seating,None
The Ganga Café @ Bangsar,"19, Lorong Kurau, Bangsar, 59100 Kuala Lumpur, Wilayah Persekutuan Kuala Lumpur",59100,Bangsar ,Kuala Lumpur,Wilayah Persekutuan,Food & Beverage,Outdoor seating,Vegetarian
Hani Eatery,"20A, Lrg Ara Kiri 2, Bangsar, 59100 Kuala Lumpur, Wilayah Persekutuan Kuala Lumpur",59100,Bangsar ,Kuala Lumpur,Wilayah Persekutuan,Food & Beverage,Indoor seating,Upstairs
Kopenhagen Coffee Kapas,"No 3, Kapas Condominium, Jalan Kapas, 59100 Kuala Lumpur",59100,Bangsar ,Kuala Lumpur,Wilayah Persekutuan,Food & Beverage,Indoor seating,None
香港熱鍋 Hong Kong Hotpot,"No 39, Telawi Square, Jalan Telawi 3, 59100 Kuala Lumpur",59100,Bangsar ,Kuala Lumpur,Wilayah Persekutuan,Food & Beverage,Indoor seating,Reservations required
Tsuka,"14, Jalan Telawi 5, Bangsar, 59100 Kuala Lumpur, Wilayah Persekutuan Kuala Lumpur",59100,Bangsar ,Kuala Lumpur,Wilayah Persekutuan,Food & Beverage,Outdoor seating,None
Urban Daybreak (Bangsar),"11, Jalan Telawi 5, Bangsar, 59100 Kuala Lumpur, Wilayah Persekutuan Kuala Lumpur",59100,Bangsar ,Kuala Lumpur,Wilayah Persekutuan,Food & Beverage,Outdoor seating,None
VCR Bangsar,"31, Jalan Telawi 3, Bangsar, 59100 Kuala Lumpur, Wilayah Persekutuan Kuala Lumpur",59100,Bangsar ,Kuala Lumpur,Wilayah Persekutuan,Food & Beverage,Outdoor seating,None
W1 Dining & Cocktails,"22, Jalan Telawi 2, Bangsar, 59100 Kuala Lumpur, Wilayah Persekutuan Kuala Lumpur",59100,Bangsar ,Kuala Lumpur,Wilayah Persekutuan,Food & Beverage,Outdoor seating,None
An Nam Lush,"UNIT B1-6A, ONE SOUTH LINK, 2A, JALAN KERINCHI, KIRI2, Bangsar South, 59200 Kuala Lumpur",59200,Bangsar South,Kuala Lumpur,Wilayah Persekutuan,Food & Beverage,Outdoor seating,Reservations required
Kafe Seni,"G-3, Residensi Era Novum, Wilayah Persekutuan, Jalan Kerinchi Kiri 2, Bangsar South, 59200 Kuala Lumpur, Wilayah Persekutuan Kuala Lumpur",59200,Bangsar South,Kuala Lumpur,Wilayah Persekutuan,Food & Beverage,Outdoor seating,None
Tonkatsu by Ma Maison - The Sphere,"The Sphere UG-08, 1, Bangsar South, 59200 Kuala Lumpur",59200,Bangsar South,Kuala Lumpur,Wilayah Persekutuan,Food & Beverage,Outdoor seating,None
"kin ‘rai dee, TTDI","173A, Jln Aminuddin Baki, Taman Tun Dr Ismail, 60000 Kuala Lumpur, Wilayah Persekutuan Kuala Lumpur",60000,Taman Tun Dr Ismail,Kuala Lumpur,Wilayah Persekutuan,Food & Beverage,Indoor seating,Small breeds only; Upstairs
Craft Origin Cafe,"9, Lorong Rahim Kajai 13, Taman Tun Dr Ismail, 60000 Kuala Lumpur, Wilayah Persekutuan Kuala Lumpur",60000,Taman Tun Dr Ismail,Kuala Lumpur,Wilayah Persekutuan,Food & Beverage,Outdoor seating,None
Restoran OK Seafood,"175, Jalan Aminuddin Baki, Taman Tun Dr Ismail, 60000 Kuala Lumpur, Wilayah Persekutuan Kuala Lumpur",60000,Taman Tun Dr Ismail,Kuala Lumpur,Wilayah Persekutuan,Food & Beverage,Outdoor seating,Kopitiam
Seven Spade Coffee,"6A, Jalan Tun Mohd Fuad 1, Taman Tun Dr Ismail, 60000 Kuala Lumpur, Wilayah Persekutuan Kuala Lumpur",60000,Taman Tun Dr Ismail,Kuala Lumpur,Wilayah Persekutuan,Food & Beverage,Outdoor seating,High tables / chairs
Little Madness,"96A, Jalan Burhanuddin Helmi, Taman Tun Dr Ismail, 60000 Kuala Lumpur, Wilayah Persekutuan Kuala Lumpur",60000,Taman Tun Dr Ismail,Kuala Lumpur,Wilayah Persekutuan,Food & Beverage,Indoor seating,Upstairs
Ryu by Lye@110,"167B, Jalan Aminuddin Baki, Taman Tun Dr Ismail, 60000 Kuala Lumpur, Wilayah Persekutuan Kuala Lumpur",60000,Taman Tun Dr Ismail,Kuala Lumpur,Wilayah Persekutuan,Food & Beverage,Indoor seating,Upstairs
Central Park @ IOI Resort City,"City, Central Park, Ioi Resort, 62000 Putrajaya, Selangor",62000,Putrajaya,Putrajaya,Selangor,Park,None,
Plat du Jour,"Unit G-1, Ground Floor, Kanvas@Prima, 15, Jalan Teknokrat 6, 63000 Cyberjaya, Selangor",63000,Cyberjaya,Cyberjaya,Selangor,Food & Beverage,Outdoor seating,None
Restaurant Hinz Kitchen,"MY Selangor Cyberjaya Glomac Jalan GC 1, 11Block C, 63000",63000,Cyberjaya,Cyberjaya,Selangor,Food & Beverage,Outdoor seating,None
"Restoran Soon Seng (Bak Kut Teh) 顺成茶骨饭店, Cyberjaya (Branch 分行)","G-5, Kanvas @ Prima, 15, Jalan Teknokrat 6, 63000 Cyberjaya, Selangor",63000,Cyberjaya,Cyberjaya,Selangor,Food & Beverage,Outdoor seating,None
Mei Keng Fatt Seafood Restaurant 美景发海鲜酒家,"No. 1, Lorong Awan 6, Kuala Ampang, 68000 Ampang, Selangor",68000,Ampang,Ampang,Selangor,Food & Beverage,Outdoor seating,None
New Heong Kee Restaurant,"446, Batu 7 1/2, Jalan Ulu Klang, 68000 Ampang Jaya, Selangor",68000,Ampang,Ampang,Selangor,Food & Beverage,Outdoor seating,None
Fine Coffee & Flowers,"C2, Jalan Ampang Utama 1/1, Tmn, Taman Ampang Utama, 68000 Ampang Jaya, Selangor",68000,Ampang,Ampang,Selangor,Food & Beverage,Indoor seating,None
Kafe Ampang 1906,"5, Jalan Pasar, Pekan Ampang, 68000 Ampang, Selangor",68000,Ampang,Hulu Langat,Selangor,Food & Beverage,Outdoor seating,Big dog friendly
Nost Coffee,"Jalan MPL 3, OFF, Jalan Merdeka, 68000 Ampang, Selangor",68000,Ampang,Hulu Langat,Selangor,Food & Beverage,Indoor seating,None
Veg Fish Farm Thai Restaurant,"KM4, Jalan Hulu Langat, 68000 Ampang, Selangor",68000,Ampang,Hulu Langat,Selangor,Food & Beverage,Outdoor seating,None
Yan Kee Hainan Chicken Rice,"45A,47,48, Plaza Ampang Jaya, Taman Pandan Mewah, 68000 Ampang Jaya, Selangor",68000,Ampang,Hulu Langat,Selangor,Food & Beverage,Outdoor seating,Carrier / Stroller
Ampang 113 Food Court (安邦113美食中心),"113, Jalan Merdeka, Kampung Baru Ampang, 68000 Ampang, Selangor",68000,Ampang,Ampang,Selangor,Food & Beverage,Outdoor seating,None
Bungalow Steakhouse Restaurant,"1162, Lorong Dagang 18, Kampung Lembah Jaya Selatan, 68000 Ampang, Selangor",68000,Ampang,Ampang,Selangor,Food & Beverage,Outdoor seating,None
Bukit Lagong,"Jalan Bukit Lagong, Bukit Lagong, 68100 Batu Caves, Selangor",68100,Bukit Lagong,Batu Caves,Selangor,Hiking,,None
Freezy68,"68, Jalan Gombak, 68100 Batu Caves, Selangor",68100,Batu Caves,Batu Caves,Selangor,Camping,,None
ROOFDECK AT LAKE CITY,"100, Jalan Sibu, Taman Wahyu, 68100 Kuala Lumpur, Wilayah Persekutuan Kuala Lumpur",68100,Taman Wahyu,Kuala Lumpur,Wilayah Persekutuan,Food & Beverage,Outdoor seating,None
Restoran Chang Yi 錩亿美食,"20, Jalan Seri Utara 1, Taman Wahyu, 68100 Kuala Lumpur, Wilayah Persekutuan Kuala Lumpur",68100,Taman Wahyu,Kuala Lumpur,Wilayah Persekutuan,Food & Beverage,Indoor seating; Outdoor seating,None
F 30 Food taste RESTAURANT,"69000 Genting Highlands, Pahang",69000,Gohtong Jaya,Genting Highlands,Pahang,Food & Beverage,Outdoor seating,None
Kedai Makanan 66 Lok Lok Corner Restaurant,"46, Jalan Jati 1, Taman Gohtong Jaya, 69000 Genting Highlands, Pahang",69000,Gohtong Jaya,Genting Highlands,Pahang,Food & Beverage,Outdoor seating,None
Restaurant Yoong Kee,"25, Jalan Jati 1, Gohtong Jaya, 69000 Genting Highlands, Pahang",69000,Gohtong Jaya,Genting Highlands,Pahang,Food & Beverage,Outdoor seating,None
Sangong Charcoal Hotpot Gohtong Jaya,"No 12, Persiaran Jati 3A, Off, Jalan Jati 3, Bandar Gohtong Jaya, 69000 Genting Highlands, Pahang",69000,Gohtong Jaya,Genting Highlands,Pahang,Food & Beverage,Outdoor seating,Next to Reka Hotel
Mega Restaurant,"P10, P11 & P12, Jalan Permai, Genting Permai Avenue, 69000 Genting Highlands, Pahang",69000,Genting Permai,Genting Highlands,Pahang,Food & Beverage,Outdoor seating,None
一品味海鲜火锅 Ee Ping Steamboat Restaurant,"No.P2,Jalan Permai, Genting Permai Avenue,69000, 69000 Bentong, Pahang",69000,Genting Permai,Genting Highlands,Pahang,Food & Beverage,Outdoor seating,None
Xiao Ming KopiTiam (Gohtong Jaya),"Jalan Jati 1, 69000 Genting Highlands, Pahang",69000,Gohtong Jaya,Genting Highlands,Pahang,Food & Beverage,Indoor seating,None
太串露营烤吧 Tai Chuan Bbq Bar,"Persiaran Jati 3A, 69000 Genting Highlands, Pahang, Kampung Genting, Malaysia",69000,Gohtong Jaya,Genting Highlands,Pahang,Food & Beverage,Outdoor seating,None
桂林海鲜饭店 Qui Lin Seafood Restaurant,"58A, Jalan Jati 1, Gohtong Jaya, 69000 Genting Highlands, Pahang",69000,Gohtong Jaya,Genting Highlands,Pahang,Food & Beverage,Outdoor seating,None
辣妹火锅 云顶半山 LAMEI HOTPOT GOHTONG JAYA GENTING HIGHLANDS,"12, Persiaran Jati 3A, 69000 Genting Highlands, Pahang",69000,Gohtong Jaya,Genting Highlands,Pahang,Food & Beverage,Outdoor seating,None
重庆纸包鱼火锅烧烤,"23a, Jalan Jati 1, 69000 Genting Highlands, Pahang",69000,Gohtong Jaya,Genting Highlands,Pahang,Food & Beverage,Outdoor seating,None
Thai On Mookata,"No 1-3, First Floor, Jalan Jati 1, Taman Goh Tong Jaya, 69000 Genting Highlands, Pahang",69000,Gohtong Jaya,Genting Highlands,Pahang,Food & Beverage,Outdoor seating,None
Restoran Sin Tai Chew,"45, Jalan Dato Sheikh Ahmad, Bandar Seremban, 70000 Seremban, Negeri Sembilan",70000,Seremban,Seremban,Negeri Sembilan,Food & Beverage,Outdoor seating,None
芙蓉烧蟹 Seremban Seafood Village,"3720-3724, Jalan Tuanku Munawir, Tuanku Manuwir, 70000 Seremban, Negeri Sembilan",70000,Seremban,Seremban,Negeri Sembilan,Food & Beverage,Outdoor seating,Reservation required
AU'S CAFE,"873 atas, Jalan Belimbing 2, Taman Sejahtera, 70100 Seremban, Negeri Sembilan",70100,Seremban,Seremban,Negeri Sembilan,Food & Beverage,Indoor seating,Reservations required for private room use
皇家山鱼头烧蟹,"17-GF, Jalan Seri Rahang 1, Taman Seri Rahang, 70100 Seremban, Negeri Sembilan",70100,Seremban,Seremban,Negeri Sembilan,Food & Beverage,Outdoor seating,None
Bluer Art Studio,"Perniagaan kepayang, 83-2, jalan MPK 2, medan, bukit kepayang, 70200 Seremban, Negeri Sembilan",70200,Seremban,Seremban,Negeri Sembilan,Activity,Art studio,Reservations required
Bukit Kepayang Hiking Trail,"Jalan Tmn Bkt Kepayang Besar 1, Taman Bukit Kepayang, 70200 Seremban, Negeri Sembilan",70200,Seremban,Seremban,Negeri Sembilan,Hiking,,None
Catopio Domination,"Commerce Square, 36, Jalan MPK 4, Taman Bukit Kepayang, 70200 Seremban, Negeri Sembilan",70200,Taman Bukit Kepayang,Seremban,Negeri Sembilan,Food & Beverage,Indoor seating,None
Toast House Kitchen,"22 & 22-1, Jalan PKL 2, Pusat Komersial Lobak, 70200 Seremban, Negeri Sembilan",70200,Seremban,Seremban,Negeri Sembilan,Food & Beverage,Outdoor seating,None
Hou Kee Restaurant,"6526, Jalan Rasah, Bukit Rasah, 70300 Seremban, Negeri Sembilan",70300,Seremban,Seremban,Negeri Sembilan,Food & Beverage,Outdoor seating,None
Amy Vietnamese Restaurant,"301, Jalan S2 B13, Seremban 2, 70300 Seremban, Negeri Sembilan",70300,Seremban 2,Seremban,Negeri Sembilan,Food & Beverage,Outdoor seating,None
LCLY Restaurant Seremban 2,"Lot 1160, Persiaran S2/E1, City Centre, 70300 Seremban, Negeri Sembilan",70300,Seremban 2,Seremban,Negeri Sembilan,Food & Beverage,Outdoor seating,Reservations suggested for food
Lily Noodles House,"22, Jalan S2 B1, Lake View Square, 70300 Seremban, Negeri Sembilan",70300,Seremban,Seremban,Negeri Sembilan,Food & Beverage,Outdoor seating,None
Lim Ho Pan Mee,"Seksyen B, 189, Jalan S2 B7, Uptown Avenue Seremban 2, 70300 Seremban, Negeri Sembilan",70300,Seremban 2,Seremban,Negeri Sembilan,Food & Beverage,Outdoor seating,None
Oakland老街鱼丸粉,"A20-G,Block A,Jalan Haruan 5/9 Pusat Komersial Oakland 2, 70300 Seremban, Negeri Sembilan",70300,Seremban 2,Seremban,Negeri Sembilan,Food & Beverage,Outdoor seating,None
Restoran Hing Hing Hing,"15, Jalan S2 B1, Lake View Square Seremban 2, 70300 Seremban, Negeri Sembilan",70300,Seremban 2,Seremban,Negeri Sembilan,Food & Beverage,Outdoor seating,None
Starz Cafe,"1st Floor, 251, Jalan S2 B12, Uptown Avenue Seremban 2, 70300 Seremban, Negeri Sembilan",70300,Seremban 2,Seremban,Negeri Sembilan,Food & Beverage,Outdoor seating,None
The Cabin. Mediterranean & Barbeque Gastrobar,"Uptown Avenue, 216, Jalan S2 B10, Seremban 2, 70300 Seremban, Negeri Sembilan",70300,Seremban 2,Seremban,Negeri Sembilan,Food & Beverage,Outdoor seating,None
GOYOG SEREMBAN,"299, Jalan S2 B13, Uptown Avenue Seremban 2, 70300 Seremban, Negeri Sembilan",70300,Seremban 2,Seremban,Negeri Sembilan,Food & Beverage,Indoor seating,None
Iringan Bayu Wetland Park,"Persiaran Iringan, Jalan Bayu 3, Taman Iringan Bayu, 70300 Seremban, Negeri Sembilan",70300,Seremban,Seremban,Negeri Sembilan,Park,,None
"FarmVille Glamping Retreat @ Seremban - Near Kuala Lumpur KL, Selangor","Kg Dato Wong Seng Chow Kg Sikamat Lama, off, Jalan Sikamat, 70400 Seremban, Negeri Sembilan",70400,Seremban,Seremban,Negeri Sembilan,Camping; Glamping,,None
H&n Campsite,"LOT 1341, Jalan Pantai, BATU 4, 71000 Port Dickson, Negeri Sembilan",71000,Batu 4,Port Dickson,Negeri Sembilan,Camping,,None
JCK Lake Port Dickson,"Lot 11890, Bukit Permata, 71010, Lukut, Negeri Sembilan",71010,Lukut,Port Dickson,Negeri Sembilan,Food & Beverage,Outdoor seating,None
Sky Ladder Pineapple Farm,"Lot 2273 Jalan Kampung Sri Parit 3, Bandar Baru Lukut",71010,Lukut,Port Dickson,Negeri Sembilan,Attraction,Farm,None
好運麵包王Lucky King Bun(Lukut),"Taman Aman, 4366, Jalan Besar, Lukut, 71010 Port Dickson, Negeri Sembilan",71010,Lukut,Port Dickson,Negeri Sembilan,Food & Beverage,Outdoor seating,None
Xiwang Village Seafood Restaurant,"2, Jalan Medan Remis 2 Telok Kemang, 71050 Port Dickson, Negeri Sembilan",71050,Telok Kemang,Port Dickson,Negeri Sembilan,Food & Beverage,Indoor seating,None
Glamping at Kongkoi,"Lot 608, Kampung Puom, 71650 Titi, Negeri Sembilan",71650,Titi,Titi,Negeri Sembilan,Camping; Glamping,,None
The 10 Villas,"Lot 446, Jalan Pertanian Kg,Sg,Rotan, 71650 Titi, Negeri Sembilan",71650,Titi,Titi,Negeri Sembilan,Pet friendly stay,None,None
Restoran Makanan Laut Shengee,"1-3 , Mantin Square 71700 Mantin, Negeri Sembilan, Malaysia",71700,Mantin,Mantin,Negeri Sembilan,Food & Beverage,Outdoor seating,None
Arch By The River,"Lot 776, 71700 Mantin, Negeri Sembilan",71700,Mantin,Mantin,Negeri Sembilan,Camping,None,None
Kebun Chenta,"Lot 3780, Kampung Mantin Dalam, 71700 Mantin, Negeri Sembilan",71700,Mantin,Mantin,Negeri Sembilan,Camping,None,
Xiang Long Eneridaygetic Holiday Village,"159, Jalan Andalas 2, Mantin, Negeri Sembilan",71700,Mantin,Mantin,Negeri Sembilan,Food & Beverage,Outdoor seating,None
Restoran He Ping竹筒燒鱼,"Lot 4903A, jalan tanah pinggir,, 71750 Lenggeng, Negeri Sembilan",71750,Broga,Lenggeng,Negeri Sembilan,Food & Beverage,Outdoor seating,None
Broga Leisure Homestay,"Lot 4590, Kampung Tegur, Batu 18, Ulu Beranang Beranang, 71750 Lenggeng, Negeri Sembilan",71750,Broga,Lenggeng,Negeri Sembilan,Camping,,None
Orchard Hill Cafe,"Lot 3009 Jalan Tanah Pinggir, Jalan Broga, 71750 Mantin, Negeri Sembilan",71750,Broga,Lenggeng,Negeri Sembilan,Camping,,None
SHIBA CAMPSITE,"5371, Jalan Broga, 71750 Semenyih, Negeri Sembilan",71750,Broga,Semenyih,Negeri Sembilan,Camping,,None
YAKA Campsite,"Jalan Broga, 71750 Lenggeng, Negeri Sembilan",71750,Broga,Lenggeng,Negeri Sembilan,Camping,,None
水木佳园综合度假村 Mizuki Garden,"Lot 2131 ,Kg Ulu Beranang Bt.18, Kg Tegur, Lenggeng,Negeri Sembilan 71750",71750,Broga,Lenggeng,Negeri Sembilan,Food & Beverage,Outdoor seating,None
Kairos Villa,"Lot 3133 Jalan Pantai, Batu 9 Pantai, 71770 Seremban, Negeri Sembilan",71770,Berembun Forest Reserve,Seremban,Negeri Sembilan,Pet friendly stay,,None
Plassid Villa,"Seremban, Negeri Sembilan",71770,Berembun Forest Reserve,Seremban,Negeri Sembilan,Pet friendly stay,,None
The Dusun,"3437, Jalan, Mukim, Kampung Baru Pantai, 71770 Seremban, Negeri Sembilan",71770,Berembun Forest Reserve,Seremban,Negeri Sembilan,Pet friendly stay,,None
Durian Ecolodge,"Lot 363, Batu 9, Jalan Tampin-Gemas, Kampung Pondoi, 73000 Tampin, Negeri Sembilan",73000,Tampin,Tampin,Negeri Sembilan,Camping,,None
Happy Wei Wei Kopitiam,"Melaka Raya, 75000 Malacca",75000,Melaka Raya,Malacca City,Melaka,Food & Beverage,Outdoor seating,None
Heng Hainanese Chicken Rice Balls,"Jalan Merdeka, Taman Melaka Raya, 75000 Melaka",75000,Melaka Raya,Malacca City,Melaka,Food & Beverage,Outdoor seating,None
Yi Yuan Dim Sum House 億源点心之家,"3 & 5, Jalan Tamby Abdullah, 75000 Melaka",75000,Banda Hilir,Malacca City,Melaka,Food & Beverage,Outdoor seating,
Ming Sate Hut,"G33 ,Pm4, Plaza Mahkota, 75000 Melaka",75000,Plaza Mahkota,Malacca City,Melaka,Food & Beverage,Outdoor seating,None
Restoran Tong Sheng,"377 & 378, Jalan Melaka Raya 6, Taman Melaka Raya, 75000 Melaka",75000,Melaka Raya,Malacca City,Melaka,Food & Beverage,Outdoor seating,Reservations required
Zhong Tai Seafood Restaurant,"No. 267 & 267A, Jalan Melaka Raya 3, Taman Melaka Raya, Melaka, 75000 Malacca",75000,Melaka Raya,Malacca City,Melaka,Food & Beverage,Outdoor seating,None
The Upper,"52, Jalan Temenggong, Kampung Banda Kaba, 75000 Melaka",75000,Jalan Temenggong,Malacca City,Melaka,Food & Beverage,indoor seating,Reservations required
The Bella Donna,"A-1 Eredia Road, Portuguese Settlement, 75050 Malacca",75050,Portuguese Settlement,Malacca City,Melaka,Food & Beverage,Outdoor seating,None
葡萄牙村好运来海鲜7 Pescados,MY Melaka Melaka Perkampungan Portugis Medan Selera Lot 7 邮政编码:邮政编码: 75050,75050,Portuguese Settlement,Malacca City,Melaka,Food & Beverage,Outdoor seating,None
Tai Zi Satay Celup 太子沙爹朱律,"10, Jalan Tun Sri Lanang, Kampung Durian Daun, 75100 Melaka",75100,Kampung Durian Daun,Malacca City,Melaka,Food & Beverage,Outdoor seating,None
BABA KAYA,"13A, Jalan. Bunga Raya, Melaka Tengah, 75100 Melaka",75100,Melaka Tengah,Malacca City,Melaka,Food & Beverage,Outdoor seating,None
Capitol Seafood Longkang Siham,"Jln. Bunga Raya, Kampung Jawa, 75100 Melaka",75100,Jalan Bunga Raya,Malacca City,Melaka,Food & Beverage,Outdoor seating,None
Cuties Land 萌宠世界,"39 & 41, Jalan PPPS 1, Pusat Perniagaan Putra Sentosa, 75150 Bukit Baru, Melaka",75150,Pusar Perniagaan Putra Sentosa,Bukit Baru,Melaka,Food & Beverage,Indoor seating; Pet cafe,None
Dan Garden Homestay,"C4994, Jalan Tanjung, Bukit Baru, 75150, Malacca",75150,Jalan Tanjung,Bukit Baru,Melaka,Pet friendly stay,,None
Beh Leh Hainam Satay,"313, Jalan Gajah Berang, 75200 Melaka",75200,Gajah Berang,Malacca City,Melaka,Food & Beverage,Outdoor seating,None
eha juice & veggie bistro,"57, Lorong Hang Jebat, 75200 Melaka",75200,Lorong Hang Jebat,Malacca City,Melaka,Food & Beverage,Outdoor seating,None
Grounded 22,"22A, Jalan KLJ 10, Taman Kota Laksamana, 75200 Melaka",75200,Kota Laksamana,Malacca City,Melaka,Food & Beverage,Outdoor seating,None
Kuay Tiaw Zabb @KLaksamana,"Jalan Kota Laksamana, Taman Kota Laksamana, 75200 Melaka",75200,Kota Laksamana,Malacca City,Melaka,Food & Beverage,Outdoor seating,None
Lui Chiu Family Coffee House,"21, Jalan KPKS 3, Kompleks Perniagaan Al-azim, 75200 Kota Syahbandar, Melaka",75200,Kota Syahbandar,Malacca City,Melaka,Food & Beverage,Outdoor seating,None
Lung Ann Refreshments,"93/807, Lorong Hang Jebat, 75200 Melaka",75200,Lorong Hang Jebat,Malacca City,Melaka,Food & Beverage,Outdoor seating,None
Man Ting Xiang Dim Sum Restaurant,"4, Jalan Kota Laksamana 3/13, Taman Mahajaya, 75200 Melaka",75200,Kota Laksamana,Malacca City,Melaka,Food & Beverage,Outdoor seating,None
Ram Cafe,"60, Lorong Hang Jebat, 75200 Melaka",75200,Lorong Hang Jebat,Malacca City,Melaka,Food & Beverage,Outdoor seating,None
Sun May Hiong Satay House,"50/52, Jalan Kota Laksamana 1/1, Taman Kota Laksamana, 75200 Melaka",75200,Kota Laksamana,Malacca City,Melaka,Food & Beverage,Outdoor seating,None
Baba Charlie Cafe,"631, Jalan Siantan 1/5, Taman Siantan Seksyen 1, 75200 Melaka",75200,Jalan Siantan,Malacca City,Melaka,Food & Beverage,Outdoor seating,None
Baba Low’s @ Tranquerah,"Jalan Siantan Sek 2, Off, Jln Tengkera, Kampung Lapan, 75200, Malacca",75200,Kampung Lapan,Malacca City,Melaka,Food & Beverage,Outdoor seating,None
Ban Hong Xiang Tea House,"Jalan Kesidang 3/2, 75200 Melaka",75200,Jalan Kesidang,Malacca City,Melaka,Food & Beverage,Outdoor seating,None
Bibik House Chendol,"125, Jalan Hang Jebat, 75200 Melaka",75200,Jalan Hang Jebat,Malacca City,Melaka,Food & Beverage,Outdoor seating,None
REGGAE ON THE RIVER MELAKA,"88, Lorong Hang Jebat, 75200 Melaka",75200,Jalan Hang Jebat,Malacca City,Melaka,Food & Beverage,Outdoor seating,None
The Old Merchant,"88, Jalan Kampung Pantai, 75200 Melaka",75200,Jalan Kampung Pantai,Malacca City,Melaka,Food & Beverage,Outdoor seating,None
Vspace Guesthouse and Cafe,"94, Jalan Kampung Pantai, 75200 Melaka",75200,Jalan Kampung Pantai,Malacca City,Melaka,Food & Beverage,Outdoor seating,Pet friendly stay
签手砂锅串串-Melaka Qian Shou,"12, Jalan KPKS 7, KOMPLEKS PERNIAGAAN KOTA SHAHBANDAR, 75200 Melaka",75200,Kota Shahbandar,Malacca City,Melaka,Food & Beverage,Outdoor seating,None
阿嬷好料 Ah Ma Ho Liao - Jonker Outlet,"v82, Jalan Tokong, Kampung Tiga, 75200 Melaka",75200,Jalan Tokong,Malacca City,Melaka,Food & Beverage,Outdoor seating,None
Casa Cucina Modern Italian Restaurant,"14, Jalan Kota Laksamana 3/7, Taman Mahajaya, 75200 Melaka",75200,Kota Laksamana,Malacca City,Melaka,Food & Beverage,Indoor seating; Outdoor seating,None
"Infinito Restaurant, Melaka","39, Jalan KLJ 6, Taman Kota Laksamana, 75200 Melaka",75200,Kota Laksamana,Malacca City,Melaka,Food & Beverage,indoor seating,Carrier / Stroller
The Coffee JAR,"38, Lorong Hang Jebat, 75200 Melaka",75200,Lorong Hang Jebat,Malacca City,Melaka,Food & Beverage,indoor seating,Carrier / Stroller
The Woods 大屋子,"35, Jalan Gajah Berang, 75200 Melaka",75200,Gajah Berang,Malacca City,Melaka,Food & Beverage,Indoor seating,Carrier/Stroller
Tiong Hwa Hainan Chicken Rice,"14, Jalan Hang Lekir, 75200 Melaka",75200,Jalan Hang Lekir,Malacca City,Melaka,Food & Beverage,Indoor seating,Carrier / Stroller
Tt Pets & Family Guesthouse Melaka,"Jalan KL 3/11, Seksyen 3, Taman Kota Laksamana, 75200 Melaka",75200,Kota Laksamana,Malacca City,Melaka,Accomodation,None,None
Vintage Green Cafe @ The Daughter,"13, Jalan. Bunga Raya, Kampung Jawa, 75200 Melaka",75200,Jalan Bunga Raya,Malacca City,Melaka,Food & Beverage,indoor seating,Reservations required; Well behaved pets
源記茶餐室 Juan Kee Kopitiam,"96, Jalan Hang Kasturi, Melaka Tengah, 75200 Melaka",75200,Melaka Tengah,Malacca City,Melaka,Food & Beverage,Indoor seating,None
All Best Kopitiam,"Jalan Kesidang 3/9, Melacca Mall, 75250 Melaka",75250,Jalan Kesidang,Malacca City,Melaka,Food & Beverage,Outdoor seating,None
175 Gallery Cafe,"175, Jalan Tun Tan Cheng Lock, Taman Kota Laksamana, 75250 Melaka",75250,Kota Laksamana,Malacca City,Melaka,Food & Beverage,indoor seating,Carrier / Stroller
Laki,"11, BLOK A, Jalan PB4, PLAZA BACHANG, 75250 Melaka",75250,Bachang,Bachang,Melaka,Food & Beverage,Indoor seating,None
初心咖啡馆 马六甲 SOLO CAFE,"No.12, 1, Jalan KSB 14, Taman Kota Syahbandar, 75250, Melaka",75250,Kota Syahbandar,Malacca City,Melaka,Food & Beverage,Indoor seating,None
Salud Tapas,"94, Jalan Tun Tan Cheng Lock, 75300 Melaka",75300,Kota Laksamana,Malacca City,Melaka,Food & Beverage,Outdoor seating,None
Malim Yoon Lai Garden House,"C 6107, Jalan Malim, Malacca City, Malaysia",75300,Malim,Malacca City,Melaka,Food & Beverage,Outdoor seating,None
我家餐館Our Kitchen Nyonya Restaurant,"15, Jalan Hang Lekir, 75300 Melaka",75300,Jalan Hang Lekir,Malacca City,Melaka,Food & Beverage,Indoor seating,Carrier / Stroller
Restaurant Hock Chin,"38, Jalan Jasa Merdeka 32, Taman Datuk Tamby Chik Karim, 75350 Melaka",75350,Taman Tambi Chik Karim,Batu Berendam,Melaka,Food & Beverage,Outdoor seating,None
Thai Delicious Bbq & Steamboat,"22, Jalan Mp4, Taman Merdeka Permai, 75350 Melaka",75350,Taman Merdeka Permai,Batu Berendam,Melaka,Food & Beverage,Outdoor seating,None
Uncle Jang Korean Restaurant Melaka,"no 111, 1, Jalan Lagenda 1, taman 1 lagenda, 75400 Malacca",75400,Jalan Lagenda,Malacca City,Melaka,Food & Beverage,Outdoor seating,None
Bert's Garden,"2078-C, Jalan Kampung Pinang B, 76400 Tanjung Kling, Melaka",76400,Tanjung Kling,Klebang,Melaka,Food & Beverage,Outdoor seating,Carrier / Stroller
Tam’s Durian Farm & Campsite,"36, Jalan Kampung Ayer Merbau 7, Kampung kongsai, 77200 Jasin, Melaka",77200,Jasin,Jasin,Melaka,Camping; Glamping,,None
TASIXI Hong Kong Dim Sum,"58, Jalan Eko Botani 3/2, 79100 Gelang Patah, Johor",79100,Eco Botanic,Iskandar Puteri,Johor,Food & Beverage,Outdoor seating,None
Fika Farmhouse,"Y2, 1, Jalan Hijauan 1, Horizon Hills, 79100 Iskandar Puteri, Johor",79100,Horizon Hills,Iskandar Puteri,Johor,Food & Beverage,Outdoor seating,None
Mexico Restaurant,"23, Jalan Hijauan 3, Horizon Hills, 79100 Iskandar Puteri, Johor",79100,Horizon Hills,Iskandar Puteri,Johor,Food & Beverage,Outdoor seating,None
Pan Kobo Japanese Bakery,"5, Jalan Hijauan 3, Horizon Hills, 79100 Iskandar Puteri, Johor",79100,Horizon Hills,Iskandar Puteri,Johor,Food & Beverage,Outdoor seating,None
TreeSea By 3C Cafe,"31, Jalan Hijauan 3, Horizon Hills, 79100 Iskandar Puteri, Johor",79100,Horizon Hills,Iskandar Puteri,Johor,Food & Beverage,Outdoor seating,None
off day cafe,"57, Jalan Eko Botani 3/7, 79100 Gelang Patah, Johor",79100,Eco Botanic,Iskandar Puteri,Johor,Food & Beverage,Indoor seating; Outdoor seating,None
卡乐巴巴 COLOBABA Eko botani JB,"25, Jalan Eko Botani 3/4, 79100 Gelang Patah, Johor",79100,Eco Botanic,Iskandar Puteri,Johor,Food & Beverage,Indoor seating,None
黑台客 Ocdaka Eco Palladium（台南肉燥飯。便當小吃。台式茶飲）,"K-01-01, Pusat Perdagangan Ekoflora 7/3, Jalan Ekoflora Utama, 81100 Johor Bahru, Johor",80000,Ekoflora,Johor Bahru,Johor,Food & Beverage,Outdoor seating,None
Old Times Recipe 老臣子,"107, Jalan Sri Pelangi, Taman Pelangi, 80400 Johor Bahru, Johor",80050,Taman Pelangi,Johor Bahru,Johor,Food & Beverage,Indoor seating,None
Horti Plant Enterprise,"21, Jalan Ponderosa 2/2, Taman Ponderosa, 81100 Johor Bahru, Johor",80150,Taman Ponderosa,Johor Bahru,Johor,Food & Beverage,Indoor seating,None
Loft Cafe by V,"75, Jalan Impian Emas 5/1, Taman Impian Emas, 81300 Johor Bahru, Johor",80250,Taman Impian Emas,Johor Bahru,Johor,Food & Beverage,Outdoor seating,None
Bottega JB,"8, Jalan Meranti, Taman Melodies, 80250 Johor Bahru, Johor",80250,Taman Melodies,Johor Bahru,Johor,Food & Beverage,Outdoor seating,None
Kayuapi by Naughty Bali,"195, Jalan Dato Sulaiman, Taman Abad, 80250 Johor Bahru, Johor",80250,Taman Abad,Johor Bahru,Johor,Food & Beverage,Outdoor seating,None
Permas City Walks,"Lot 2111, Jalan Permas Utara, Bandar Baru Permas Jaya, 81750 Johor Bahru, Johor",80250,Permas Jaya,Johor Bahru,Johor,Food & Beverage,Outdoor seating,None
Restoran Woon Kiang,"SH-G-06, Taman Impian Stulang, Jalan Pandan, Taman Stulang Laut, 80300 Johor Bahru, Johor",80250,Taman Impian Stulang,Johor Bahru,Johor,Food & Beverage,Outdoor seating,None
The CaMp 4Season Outdoor Park,"15-43, Jln Jelutong, Taman Melodies, 80250 Johor Bahru, Johor",80250,Taman Melodies,Johor Bahru,Johor,Food & Beverage,Outdoor seating,None
Cheelicious Bakery & Cafe,"55, Jalan Kuning 2, Taman Pelangi, 80400 Johor Bahru, Johor",80400,Taman Pelangi,Johor Bahru,Johor,Food & Beverage,Outdoor seating,Reservation required
SOI 18 PELANGI,"127, Jalan Serampang, Taman Pelangi, 80050 Johor Bahru, Johor",80400,Taman Pelangi,Johor Bahru,Johor,Food & Beverage,Outdoor seating,None
Sweet Home Kopitiam,"46, Jalan Perang, Taman Pelangi, 80400 Johor Bahru, Johor",80400,Taman Pelangi,Johor Bahru,Johor,Food & Beverage,Indoor seating,None
The Brew Orchestra,"19, Jalan Molek 1/5C, Taman Molek, 81100 Johor Bahru, Johor",80400,Taman Molek,Johor Bahru,Johor,Food & Beverage,Indoor seating,None
MKe Harmony Cafe,"5457A, Jalan Kenari 20, Bandar Putra, 81000 Kulai, Johor",81000,Kulai,Kulai,Johor,Food & Beverage,Indoor seating,Carrier / Stroller
Pantai Tanjung Balau,"Tanjung Balau, 81930 Kota Tinggi, Johor",81000,Kota Tinggi,Kota Tinggi,Johor,Beach,,None
Putuo Village,"1488, Jalan Kampung, Off, Jalan Kota Tinggi - Kluang, Felda Taib Andak, 81000 Kulai, Johor",81000,Kulai,Kulai,Johor,Activity,,Carrier / Stroller
惠安小食馆,"70, Jalan Kelapa Sawit 3, Kampung Sri Paya, 81000 Kulai, Johor Darul Ta'zim",81000,Kulai,Kulai,Johor,Food & Beverage,Outdoor seating,None
夯霸台式碳烤 HANG BA TAIWAN BBQ - ECO PALLADIUM,"01-11, Blok A, Pusat Perdagangan Ekoflora, Jln Ekoflora 7/3, 81100 Johor Bahru, Johor Darul Ta'zim",81100,Ekoflora,Johor Bahru,Johor,Food & Beverage,Outdoor seating,None
Auntie Lim Kopitiam,"93, Jalan Molek 1/29, Taman Molek, 81100 Johor Bahru, Johor",81100,Taman Molek,Johor Bahru,Johor,Food & Beverage,Outdoor seating,None
Beans.factory,"PTD168346, Jalan Austin Heights 8/4, 81100 Johor Bahru, Johor",81100,Mount Austin,Johor Bahru,Johor,Food & Beverage,Outdoor seating,None
Belly Bar Molek,"44-01, Jalan Molek 2/3, Taman Molek, 81100 Johor Bahru, Johor",81100,Taman Molek,Johor Bahru,Johor,Food & Beverage,Outdoor seating,None
Cafe En Couple,"22-01, Jalan Austin Heights 8/2, 81100 Johor Bahru, Johor",81100,Mount Austin,Johor Bahru,Johor,Food & Beverage,Outdoor seating,None
CHEFRecipe,"Ground Floor, 20 & 26, Jalan Austin Heights 8/6, Taman Mount Austin, 81100 Johor Bahru, Johor",81100,Mount Austin,Johor Bahru,Johor,Food & Beverage,Outdoor seating,None
Hayashi Japanese Restaurant 林日式料理,"Molek Pine 4, Lot B3-01-02, No 7, 3 Apartment,, Jalan Molek 1/27, Taman Molek, 81100 Johor Bahru, Johor",81100,Taman Molek,Johor Bahru,Johor,Food & Beverage,Outdoor seating,None
IKAR GOURMET FISH NOODLE Cfl ikar sdn bhd,"A-01-02, Pusat Perdagangan Ekoflora, Jalan Ekoflora 7/3. Taman Ekoflora, 81100, Johor Bahru",81100,Ekoflora,Johor Bahru,Johor,Food & Beverage,Outdoor seating,None
Morihana Pastry 森花手工烘焙,"Lot B, Jalan Ekoflora Utama, Taman Ekoflora, 81100 Johor Bahru, Johor",81100,Ekoflora,Johor Bahru,Johor,Food & Beverage,Outdoor seating,None
Noodle Face A Meatless Cuisine,"G-08, Blok B, Akademik Suite, Jalan Austin Heights Utama, Taman Mount Austin, 81100 Johor Bahru, Johor",81100,Mount Austin,Johor Bahru,Johor,Food & Beverage,Outdoor seating,None
Pandan Noodles@Molek 班蘭云吞面,"23, Jalan Molek 1/9, Taman Molek, 81100 Johor Bahru, Johor",81100,Taman Molek,Johor Bahru,Johor,Food & Beverage,Outdoor seating,None
ShinYo . 神洋,"no7, Jalan Austin Heights 8/4, Taman Mount Austin, 81100 Johor Bahru, Johor",81100,Mount Austin,Johor Bahru,Johor,Food & Beverage,Outdoor seating,None
Soil JB,"Unit SL009, Spring Lab, Lot A (GF, Jalan Ekoflora Utama, Taman Ekoflora, 81100 Johor Bahru, Johor",81100,Ekoflora,Johor Bahru,Johor,Food & Beverage,Outdoor seating,None
Home Fried Chicken 万孚新村炸鸡饭,"17, J102, Kampung Baru Ban Foo, 81800 Ulu Tiram, Johor",81100,Ban Foo,Johor Bahru,Johor,Food & Beverage,Outdoor seating,None
Hong Kong Boy Restaurant,"2, Jalan Dedap 22, Johor Jaya, 81100 Johor Bahru, Johor",81100,Johor Jaya,Johor Bahru,Johor,Food & Beverage,Outdoor seating,None
Coffee Garden,"32, Jalan Austin Heights 8/6, Taman JP Perdana, 81100 Johor Bahru, Johor",81100,Mount Austin,Johor Bahru,Johor,Food & Beverage,Indoor seating; Outdoor seating,Carrier / Stroller
Cubica Pets United,"12, Jalan Kempas Lama 1, Off, Jalan Kempas Lama, 81300 Johor Bahru, Johor",81100,Kempas,Johor Bahru,Johor,Swimming,,None
Human Friendly dog pool&cafe,"1, Jalan Ros Merah 2/7, Johor Jaya, 81100 Johor Bahru, Johor",81100,Johor Jaya,Johor Bahru,Johor,Food & Beverage; Swimming,Outdoor seating,None
Saturbake & Saturdate,"7, Jalan Austin Perdana 2/25, Taman Austin Perdana, 81100 Johor Bahru, Johor",81100,Mount Austin,Johor Bahru,Johor,Food & Beverage,Indoor seating,None
Shiba Cafe (Reservation required),"No 01, Mount Austin, 12, Jalan Austin Heights 8/4, Taman Mount Austin, 81100 Johor Bahru, Johor",81100,Mount Austin,Johor Bahru,Johor,Food & Beverage,Indoor seating,Reservations required
Restoran Kah Kah Loke @Johor Jaya总行,"62, Jalan Bakawali 39, Johor Jaya, 81100 Johor Bahru, Johor",81100,Johor Jaya,Johor Bahru,Johor,Food & Beverage,Outdoor seating,None
Sunday Morning Coffee Shop,"124, Jalan Trus, Bandar Johor Bahru, 80000 Johor Bahru, Johor",81100,Jalan Trus,Johor Bahru,Johor,Food & Beverage,Indoor seating,Carrier / Stroller
Up 2 You Cafe,"82, Jalan Chengai, Taman Melodies, 80250 Johor Bahru, Johor",81100,Taman Melodies,Johor Bahru,Johor,Food & Beverage,Outdoor seating,None
You & Flo Signature · Pet Friendly,"17A, Jalan Austin Height 7/8, Taman Mount Austin, 81100 Johor Bahru. Malaysia. , Johor Bahru, Malaysia",81100,Mount Austin,Johor Bahru,Johor,Food & Beverage,Indoor seating,None
淡杯阿B全蛋云吞面 Tampoi Ah B Wanton Noodles,"34, Jalan Dato Muthuthambi, Taman Tampoi, 81200 Johor Bahru, Johor",81100,Tampoi,Johor Bahru,Johor,Food & Beverage,Outdoor seating,None
Yu Quan Pet Kingdom,"9-01 & 9-02, Jalan Mutiara Emas 10/19, Taman Mount Austin, 81100 Johor Bahru, Johor",81100,Mount Austin,Johor Bahru,Johor,Food & Beverage,Indoor seating,None
ZERO PERCENT,"17-01, 7/7, Persiaran Austin Heights, Taman Mount Austin, 81100 Johor Bahru, Johor",81100,Mount Austin,Johor Bahru,Johor,Food & Beverage,Indoor seating,None
川湘部落 Chuan & Xiang Village,"18, Jalan Austin Heights 8/2, Taman Mount Austin, 81100 Johor Bahru, Johor",81100,Mount Austin,Johor Bahru,Johor,Food & Beverage,Indoor seating,None
哇烤Wowkao Barbeque Food Sdn Bhd,"G34, Jalan Austin Perdana 3/10, Taman Austin Perdana, 81100 Johor Bahru, Johor",81100,Mount Austin,Johor Bahru,Johor,Food & Beverage,Outdoor seating,None
米仔酸奶 RiceBoy Yogurt,"K-01-07, Pusat Perdagangan Ekoflora, 7/3, Jalan Ekoflora Utama, 81100 Johor Bahru, Johor",81100,Ekoflora,Johor Bahru,Johor,Food & Beverage,Indoor seating,None
大成渌渌 Mount Austin,"67, Jalan Mutiara Emas 10/2, Taman Austin Perdana, 81100 Johor Bahru, Johor",81100,Mount Austin,Johor Bahru,Johor,Food & Beverage,Outdoor seating,None
裕豐海味 Yu Feng Hai Wei,"16, Jalan Serampang, Taman Pelangi, 80400 Johor Bahru, Johor",81100,Taman Pelangi,Johor Bahru,Johor,Food & Beverage,Indoor seating,None
亚坤纯正西刀鱼丸 Ah Koong Restaurant,"266, Jalan Sutera, Taman Sentosa, 80150 Johor Bahru, Johor",81200,Taman Sentosa,Johor Bahru,Johor,Food & Beverage,Outdoor seating,None
80'90's Eighty Ninety Years Restaurant,"G-08 & G-09, Ground Floor, Tasek Central.2, Jalan Pendekar 16, Taman Ungku Tun Aminah 81300 Skudai, Johor Bahru, Johor",81300,Tun Aminah,Skudai,Johor,Food & Beverage,Outdoor seating,None
Dorayaki Sutera Utama 唔系汉堡包,"52, Jalan Sutera Tanjung 8/4, Taman Sutera Utama, 81300 Skudai, Johor",81300,Sutera,Skudai,Johor,Food & Beverage,Outdoor seating,None
LA PRIMEUR GAYA,"No.4, Selera Gaya, Jalan Gaya 1, Taman Gaya, 81800 Ulu Tiram, Johor",81300,Taman Gaya,Johor Bahru,Johor,Food & Beverage,Outdoor seating,None
Restaurant Fei Teng Kao Yu沸騰烤鱼,"22, Jalan Sutera Tanjung 8/3, Taman Sutera Utama, 81300 Skudai, Johor",81300,Sutera,Skudai,Johor,Food & Beverage,Outdoor seating,None
RunningMan Korea Restaurant,"25, Jalan Sutera Tanjung 8/3, Taman Sutera Utama, 81300 Skudai, Johor",81300,Sutera,Skudai,Johor,Food & Beverage,Outdoor seating,None
"Shui Yu Zheng Feng, Sutera Utama（谁鱼争锋）","92a, Jalan Sutera Tanjung 8/3, Taman Sutera Utama, 81300 Skudai, Johor",81300,Sutera,Skudai,Johor,Food & Beverage,Outdoor seating,None
TaCodiva,"Taman Sutera Utama, 81300 Skudai, Johor",81300,Sutera,Skudai,Johor,Food & Beverage,Outdoor seating,None
Treasure Trove Sutera Utama 丰合餐厅,"No. 26, Ground Floor, Jalan Sutera Tanjung 8/4, Taman Sutera Utama, 81300 Skudai, Johor",81300,Sutera,Skudai,Johor,Food & Beverage,Outdoor seating,None
Witchery Ider,"No. 38, Jalan Perkasa 3, Taman Ungku Tun Aminah, Skudai, Johor, 81300 Johor Bahru",81300,Tun Aminah,Skudai,Johor,Food & Beverage,Outdoor seating,None
Khunya Thai Kitchen,"7a, Jalan Nb2 2/2, Taman Nusa Bestari 2, 81300 Skudai, Johor",81300,Nusa Bestari,Skudai,Johor,Food & Beverage,Outdoor seating,None
壹禾豐•人文面館 Yi He Feng Food & Tea Cultural Sdn Bhd,"34, Jalan Sutera Tanjung 8/4, Taman Sutera Utama, 81300 Skudai, Johor",81300,Sutera,Skudai,Johor,Food & Beverage,Outdoor seating,None
品馭豐 PIN YI FENG,"46, Jalan Pertama 1, Pusat Perdagangan Danga Utama, 81300, Skudai, Johor",81300,Danga Utama,Skudai,Johor,Food & Beverage,Outdoor seating,None
Afters Pastry,"56A, Jalan Pendekar 13, Taman Ungku Tun Aminah, 81300 Skudai, Johor",81300,Tun Aminah,Skudai,Johor,Food & Beverage,Indoor seating,Reservation required
早点食麵,"22, Jalan Hang Tuah 27, Taman Skudai Baru, 81300 Skudai, Johor",81300,Taman Skudai Baru,Skudai,Johor,Food & Beverage,Outdoor seating,Carrier / Stroller
CHICHA San Chen @ Sutera JB,"17, Jalan Sutera Tanjung 8/2, Taman Sutera Utama, 81300 Skudai, Johor",81300,Sutera,Skudai,Johor,Food & Beverage,Indoor seating,None
Chow Q Cafe,"71,jalan Sutera tanjung 8/3 Skudai, 81300 Johor Bahru, Johor",81300,Sutera,Skudai,Johor,Food & Beverage,Indoor seating,None
Impian Emas Park,"Jalan Impian Emas 62, Taman Impian Emas, 81300 Skudai, Johor",81300,Taman Impian Emas,Skudai,Johor,Hiking,,None
Ong & Chan Orchard,"R8JM+2P, 86200 Simpang Renggam, Johor",81300,Simpang Renggam,Simpang Renggam,Johor,Camping,None,None
Pet Holic Grooming & Cafe,"5a, Jalan Utama 34, Mutiara Rini, 81300 Skudai, Johor",81300,Mutiara Rini,Skudai,Johor,Food & Beverage,Indoor seating,None
潮順咖啡店 Teo Soon Tradisional Bread & Coffe,"10, Jalan Mutiara 1/14, 81300 Skudai, Johor",81300,Taman Mutiara Mas,Skudai,Johor,Food & Beverage,Outdoor seating,None
香港仔美食中心 Hoong Kong Boy Restaurant,"2, Jalan Dedap 22, Johor Jaya, 81100 Johor Bahru, Johor",81300,Johor Jaya,Johor Bahru,Johor,Food & Beverage,Outdoor seating,None
芽笼九巷活田鸡,"75, 51, Jalan Sutera Tanjung 8/2, Taman Sutera Utama, 81300 Skudai, Johor",81300,Sutera,Skudai,Johor,Food & Beverage,Outdoor seating,None
Bale Social,"1, Jln Polo, Leisure Farm Resort, 81560 Gelang Patah, Johor",81560,Gelang Patah,Johor Bahru,Johor,Food & Beverage,Outdoor seating,None
Leisure Farm Malaysia,"No. 8, Jalan Peranginan, D. Rimbunan, 81560, Gelang Patah, Johor, Leisure Farm, 81560 Gelang Patah, Johor",81560,Gelang Patah,Gelang Patah,Johor,Park,None,None
La Olla Tapas Bar,"NO. 8, BLOK B, SEBAHAGIAN PTD 213067, Persiaran Senibong, 81750 Masai, Johor",81750,Senibong,Masai,Johor,Food & Beverage,Outdoor seating,None
Paik's BBQ Senibong,"NO 7,BLOCK B,SEBAHAGIAN PTD 213067 PERSIARAN SENIBONG,TELUK SENIBONG, Johor Bahru, Malaysia",81750,Senibong,Masai,Johor,Food & Beverage,Outdoor seating,None
古来华叔火蒸鸡,"94, 81000 Kulai, Johor",81750,Kulai,Kulai,Johor,Food & Beverage,Outdoor seating,None
Senibong Cove,"1, Persiaran Senibong, 81750 Masai, Johor",81750,Senibong,Masai,Johor,Park,,None
AH SENG,"C47, Jalan Bunga Seroja, Taman Plentong Utama, 81750 Masai, Johor",81750,Plentong,Masai,Johor,Food & Beverage,Outdoor seating,None
Beach Bistro & Clubs,"Jalan Precinct 5, 81750 Masai, Johor",81750,Java Cove,Masai,Johor,Food & Beverage,Outdoor seating,None
Golden Kim Cafe 金玉满堂茶室,"33, Jalan Permas 9/5, Bandar Baru Permas Jaya, 81750 Masai, Johor",81750,Permas Jaya,Masai,Johor,Food & Beverage,Outdoor seating,Upstairs
Minkan Yakiniku 平民烧烤,"Kiosk 17 & 18，Permas City Walks, Jalan Permas Utara, Bandar Baru Permas Jaya, 81750 Johor Bahru, Johor",81750,Permas Jaya,Masai,Johor,Food & Beverage,Outdoor seating,None
Rowan & Parsley Food Atelier,"17, Jalan Cenderai 20, Taman Perindustrian Kota Puteri, 81750 Masai, Johor",81750,Kota Puteri,Masai,Johor,Food & Beverage,Outdoor seating,Carrier / Stroller
THAT PLACE CAFE,"10, Jalan Cantik 5, Taman Pelangi Indah, 81800 Ulu Tiram, Johor",81750,Pelangi Indah,Johor Bahru,Johor,Food & Beverage,Outdoor seating,None
大丰擂茶 Tai Hong Kopitiam (百万镇 Permas 分行),"2 Jalan Permas 10/5 Bandar Baru Permas Jaya Masai, 81750 Johor Bahru, Johor",81750,Permas Jaya,Masai,Johor,Food & Beverage,Outdoor seating,None
KoffeeArt Roastery & Cafe,"30, Jalan Gaya 1, Taman Gaya, 81800 Ulu Tiram, Johor",81800,Taman Gaya,Johor Bahru,Johor,Food & Beverage,Indoor seating,None
Sunway Emerald Lake,"Sunway Citrine Hub, Lot G - 01 & 02, Persiaran Medini 3, Sunway City, 79250 Iskandar Puteri, Johor",81800,Sunway City,Iskandar Puteri,Johor,Park,,None
Cedar Point Food Centre 食得福美食中心,"10, Jalan Musang Bulan, Taman Abad, 80250 Johor Bahru, Johor",81800,Taman Century,Johor Bahru,Johor,Food & Beverage,Outdoor seating,None
许多福 XU DUO FU KOPITIAM,"12, Persiaran Austin Heights, Taman Mount Austin, 81100 Johor Bahru, Johor",81800,Mount Austin,Johor Bahru,Johor,Food & Beverage,Outdoor seating,None
Koref Desaru Leisure Farm,"213, 81930 Kota Tinggi, Johor",81900,Kota Tinggi,Kota Tinggi,Johor,Camping,,None
Minyue Pottery 民月陶窑,"81900 Kota Tinggi, Johor",81930,Kota Tinggi,Kota Tinggi,Johor,Activity,,Pottery
雪山飞狐 六区 Snowy Fox District Six,"Food Court, Jalan Persiaran Johbase, Medan Kota Johbase, 86000 Kluang, Johor",81930,Kluang,Kluang,Johor,Food & Beverage,Outdoor seating,None
Capital O 90088 Mbp Leisure Resort,"tiang lampu 26, 83000, Jalan Lombong, 83000 Senggarang, Johor",83000,Senggarang,Senggarang,Johor,Pet friendly stay,None,None
韩锅烧 Korean BBQ Restaurant,"145, Jalan Pendekar 2, Taman Ungku Tun Aminah, 81300 Skudai, Johor",83000,Tun Aminah,Skudai,Johor,Food & Beverage,Outdoor seating,None
10 Kopitiam Muar 麻坡十號茶樓,"Tingkat Bawah, 82-54GF, Jalan Bakri 2, Taman Tun Dr Ismail, 84000 Muar, Johor",84000,Muar,Segamat,Johor,Food & Beverage,Outdoor seating,None
Taka Melor Eco Forest,"85300 Labis, Johor",84000,Labis,Segamat,Johor,Waterfall,,None
Coffee + Cream,"37-3 (B11, Lorong Haji Ibrahim, 84000 Muar, Johor",84000,Muar,Segamat,Johor,Food & Beverage,Outdoor seating,None
BEAN & BED,"53, Jln Muar, 84000 Muar, Johor Darul Ta'zim",84000,Muar,Segamat,Johor,Food & Beverage,Outdoor seating,None
Labis Sunrise Farm,"LOT 3091, Jalan Segamat, Labis, 85300 Segamat, Johor",85100,Labis,Segamat,Johor,Camping,,None
Segamat PG,"Kampung Kwong Sai, Jalan Labis, Segamat, 85100 Johor",85300,Labis,Segamat,Johor,Food & Beverage,Outdoor seating,None
Bukit Selantai,"Bukit Selantai, 86800, Johor",85300,Mersing,Mersing,Johor,Hiking,,None
Pandan Restaurant班蘭云吞面,"21, Jalan Harmonium 35/1, Taman Desa Tebrau, 81100 Johor Bahru, Johor",86000,Tebrau,Johor Bahru,Johor,Food & Beverage,Outdoor seating,None
Mbp Leisure Resort,"Tiang Lampu 26, 83000, Jalan Lombong, 83000 Senggarang, Johor",86200,Senggarang,Senggarang,Johor,Activity; Pet friendly stay,None,None
Tasoh Lake Perlis,"Tasoh Lake, 02400 Kangar, Perlis",02400,Kangar,Kangar,Perlis,Attraction,None,Carrier / Stroller
Caffe Diem,"44, Jalan Penjara Lama, Bandar Alor Setar, 05000 Alor Setar, Kedah",05000,Bandar Alor Setar,Alor Setar,Kedah,Food & Beverage,Outdoor seating,None
SK KIM 新菜脯鱼 Restoran Chai Por Hu,"238A Medan Putra Seberang, Jalan Putra, 05150 Alor Setar, Kedah",05150,Jalan Putra,Alor Setar,Kedah,Food & Beverage,Outdoor seating,None
Happy Happy Cenang Seafood Restaurant (真浪大家乐海鲜餐馆）,"115, Jalan Pantai Chenang, 07000 Langkawi, Kedah",07000,Pantai Cenang,Langkawi,Kedah,Food & Beverage,Outdoor seating,None
Nam Restaurant,"Bon Ton Restaurant and Resort, Laman Padi Langkawi,, Jalan Pantai Cenang, 07000 Langkawi, Kedah",07000,Pantai Cenang,Langkawi,Kedah,Food & Beverage,Outdoor seating,None
Palm View Seafood Restaurant,"LOT 1584, PANTAI CENANG, 07000 Langkawi, Kedah",07000,Pantai Cenang,Langkawi,Kedah,Food & Beverage,Outdoor seating,None
Putumayo Restaurant 复古海滨餐厅,"Pantai Chenang, Lot 1584, Jalan Pantai Chenang, Mukim Kedawang, 07000 Pulau Langkawi, Kedah",07000,Pantai Cenang,Langkawi,Kedah,Food & Beverage,Outdoor seating,None
The Fat Frog,"The Fat Frog, 99 East Estate, Jalan Padang Matsirat, Mk Ulu Melaka, 07000 Langkawi, Kedah",07000,Padang Matsirat,Langkawi,Kedah,Food & Beverage,Outdoor seating,None
Yellow Beach Cafe,"Jalan Pantai Cenang, Pantai Cenang, 07000 Langkawi, Kedah",07000,Pantai Cenang,Langkawi,Kedah,Food & Beverage,Outdoor seating,None
Deli Bee Cafe and Restaurant,"Lot 42, Pusat Perniagaan Kelana Mas Kuah, 07000 Langkawi, Kedah",07000,Kuah,Langkawi,Kedah,Food & Beverage,Outdoor seating,None
Hidden Langkawi,"2461, Jalan Pantai Tengah, 07000 Langkawi, Kedah",07000,Pantai Tengah,Langkawi,Kedah,Food & Beverage,Outdoor seating,None
Kedai Makan Wu Jin Wan,"7, Persiaran Mutiara 2, Pusat Perdagangan Kelana Mas, 07000 Langkawi, Kedah",07000,Kuah,Langkawi,Kedah,Food & Beverage,Outdoor seating,None
Bon Ton Resort,"Jalan Pantai Cenang Lot 1047 Langkawi, Pantai Cenang, 07000 Pantai Cenang, Kedah",07000,Pantai Cenang,Langkawi,Kedah,Pet friendly stay,,None
Pizza Hills,"6 Kampung Buluh Penyumpit, 07000 Langkawi, Kedah",07000,Kampung Buluh Penyumpit,Langkawi,Kedah,Food & Beverage,Outdoor seating,None
Sunset Valley Holiday Houses,"Sunset Valley, Lot 2220, Jalan Makam Mahsuri, 07000 Langkawi, Kedah",07000,Padang Matsirat,Langkawi,Kedah,Pet friendly stay,,None
Temple Tree Resort Langkawi,"Lot 1053, Jalan Pantai Chenang, Pantai Cenang, 07000 Langkawi, Kedah",07000,Pantai Cenang,Langkawi,Kedah,Pet friendly stay,,None
CoCo's Bistro,"coconut beach villa, Jalan Kuala Muda, 07100 Langkawi, Kedah",07100,Padang Matsirat,Langkawi,Kedah,Food & Beverage,Outdoor seating,None
Coconut Beach Villa Langkawi,"LOT 37, Jalan Kuala Muda, Mukim, 07100 Langkawi, Kedah",07100,Padang Matsirat,Langkawi,Kedah,Pet friendly stay,,None
CoffeeNuts Cafe (TR0218485k),"12, Jalan Telaga Tujuh, 07100 Langkawi, Kedah",07100,Telaga Tujuh,Langkawi,Kedah,Food & Beverage,Outdoor seating,None
興東路 Xing Dong Rd.,"885, Taman Kampung Raja, 08000 Sungai Petani, Kedah",08000,Taman Kampung Raja,Sungai Petani,Kedah,Food & Beverage,Outdoor seating,None